Date,Open,High,Low,Close,Volume,Dividends,Stock Splits
2019-03-20 00:00:00,39.476586299369,40.0378647775591,37.0443795605453,37.2688903808594,2350800,0,0
2019-03-21 00:00:00,37.4110882018532,37.4185706598686,36.0715026870755,36.6552314758301,1764700,0,0
2019-03-22 00:00:00,36.5205168024729,37.381144890697,36.041559654345,36.3708419799805,844700,0,0
2019-03-25 00:00:00,36.3708488905726,36.9695482942973,35.9218271925893,36.7824554443359,440900,0,0
2019-03-26 00:00:00,36.6701982877358,37.2314768329562,36.0565339733463,36.5579414367676,504700,0,0
2019-03-27 00:00:00,36.6701895638103,38.0022894140178,36.6701895638103,37.4933967590332,1788600,0,0
2019-03-28 00:00:00,38.0921045383026,38.1669405346818,37.3549582692455,38.0546836853027,585400,0,0
2019-03-29 00:00:00,37.0593521750616,39.2745308401525,36.8049057841518,38.6384162902832,1769000,0,0
2019-04-01 00:00:00,39.1398222802012,40.7039185656924,38.3540329086446,40.0378684997559,19663400,0,0
2019-04-02 00:00:00,41.2502408022154,42.9490446360037,40.6365763333347,42.0959014892578,17414200,0,0
2019-04-03 00:00:00,42.7170424100259,42.8068461818907,41.5420966435801,42.5673675537109,15066200,0,0
2019-04-04 00:00:00,42.8068495977511,45.2914427044876,42.7320107362165,44.6852607727051,13309200,0,0
2019-04-05 00:00:00,43.6974137350366,44.1389530575381,42.1108668706291,42.8367881774902,17000800,0,0
2019-04-08 00:00:00,42.2829819117273,43.6974033277571,42.1108568412126,42.7694244384766,10764600,0,0
2019-04-09 00:00:00,42.5074948447237,42.8068445459132,41.968669379317,42.1108589172363,9179900,0,0
2019-04-10 00:00:00,41.9013145726627,42.2156291800811,41.2352616503905,41.6917686462402,9081900,0,0
2019-04-11 00:00:00,41.6842877917469,42.0659559518351,41.0332054693329,41.0781059265137,7346100,0,0
2019-04-12 00:00:00,41.8564112970268,43.6525037417355,41.8564112970268,43.6300506591797,9281700,0,0
2019-04-15 00:00:00,43.8321160842328,44.0416591790174,42.8742015311485,43.2409019470215,5727300,0,0
2019-04-16 00:00:00,43.9368929051367,44.1464388798825,43.2858104576169,43.7797355651855,6681600,0,0
2019-04-17 00:00:00,44.1164981653873,44.1913341695096,43.5552195700384,43.6450233459473,6420700,0,0
2019-04-18 00:00:00,43.6749606190353,43.8620534915605,43.0687786843221,43.2334213256836,5178800,0,0
2019-04-22 00:00:00,43.0163795683267,43.7123650666687,42.8517369780235,43.3232116699219,4401700,0,0
2019-04-23 00:00:00,42.8741948296867,43.2857984964537,42.6571664555479,43.1361236572266,5687200,0,0
2019-04-24 00:00:00,43.0238756413647,43.3232225065632,41.8077720428949,41.8938331604004,5431300,0,0
2019-04-25 00:00:00,41.7291876674315,41.8938302876276,41.0257195849025,41.4073905944824,6260500,0,0
2019-04-26 00:00:00,41.384940737245,41.6094516019513,41.1230118708894,41.3475227355957,4009800,0,0
2019-04-29 00:00:00,41.1978430631536,41.673060478517,41.0107502219451,41.534610748291,5935200,0,0
2019-04-30 00:00:00,41.7291874802181,42.8105867659693,41.6094481719246,42.4551086425781,6454100,0,0
2019-05-01 00:00:00,42.522467366228,43.0163924300089,41.8189992010888,42.0060920715332,7644400,0,0
2019-05-02 00:00:00,41.5645455921392,42.2754989477903,38.9377605468571,39.4391708374023,13932700,0,0
2019-05-03 00:00:00,39.813370462408,39.9256244916964,38.705780815524,39.8882064819336,7401700,0,0
2019-05-06 00:00:00,39.0275624157674,40.4344983314419,38.6907947772459,40.007926940918,6089500,0,0
2019-05-07 00:00:00,39.5589129388264,39.9069057564648,39.4017556288762,39.6262664794922,7330800,0,0
2019-05-08 00:00:00,39.9106536232157,39.9592967431763,39.1473143476183,39.2745361328125,5390700,0,0
2019-05-09 00:00:00,39.1098948281574,39.7684625726664,38.5785517280109,39.6113052368164,4579700,0,0
2019-05-10 00:00:00,39.6187868013496,40.1980279044178,39.2820219049359,39.7160758972168,4758100,0,0
2019-05-13 00:00:00,39.1248528158458,39.3269134206061,37.9873280343117,38.1295204162598,4213100,0,0
2019-05-14 00:00:00,38.4139106172939,39.6636896569295,38.0472073247263,39.2745361328125,4204500,0,0
2019-05-15 00:00:00,38.9003453028504,39.9069057564648,38.668349139488,39.6262664794922,2928700,0,0
2019-05-16 00:00:00,39.8807044579245,40.0752797261265,39.4616155316614,39.6487083435059,3689700,0,0
2019-05-17 00:00:00,39.1697618540548,39.3044689436009,37.9124975881658,38.0172691345215,4440800,0,0
2019-05-20 00:00:00,37.7179256176244,37.8226971732871,37.3587047770509,37.4784469604492,5168400,0,0
2019-05-21 00:00:00,37.6281134604702,38.3091313271917,37.4335381506114,37.8900451660156,4968400,0,0
2019-05-22 00:00:00,37.7628260640714,37.8750829335499,37.3923829624896,37.5757331848145,3019100,0,0
2019-05-23 00:00:00,37.0443887532918,37.313802946449,36.0789888460817,36.4531745910645,4919200,0,0
2019-05-24 00:00:00,36.9620748377547,37.1005246188677,36.25112120889,36.8198852539063,2918900,0,0
2019-05-28 00:00:00,36.9470946779824,36.991997989057,35.9966626713135,36.3409156799316,6613000,0,0
2019-05-29 00:00:00,36.0715063872987,36.992002977379,35.9293139771265,36.4531745910645,3525900,0,0
2019-05-30 00:00:00,36.5366861209652,36.8935499501105,36.4607590024565,36.8024368286133,3777600,0.7,0
2019-05-31 00:00:00,36.4152025969821,36.4455746042965,35.4964710989763,35.5040626525879,3396900,0,0
2019-06-03 00:00:00,35.5724024332231,36.4152069091797,35.5724024332231,36.4152069091797,5905200,0,0
2019-06-04 00:00:00,36.9618955762256,37.9109992980957,36.9315235619814,37.9109992980957,7043000,0,0
2019-06-05 00:00:00,38.3361912512041,38.3969323712842,37.2428221254214,38.222297668457,6413300,0,0
2019-06-06 00:00:00,38.1767506321349,38.958814139216,38.0780459215723,38.7689933776855,6228100,0,0
2019-06-07 00:00:00,38.8221295243918,39.2473260293578,38.6247143787142,38.9512062072754,5391100,0,0
2019-06-10 00:00:00,39.2701133791411,39.5586388020584,39.1638142342311,39.1941833496094,5434400,0,0
2019-06-11 00:00:00,39.4827123992466,39.6117891071863,39.1486289524309,39.5130844116211,5144300,0,0
2019-06-12 00:00:00,39.5282673497109,39.9686499092211,39.2397390474173,39.8547592163086,3103900,0,0
2019-06-13 00:00:00,39.9990255534987,40.2040322950891,39.5130849348109,40.1508827209473,4179800,0,0
2019-06-14 00:00:00,39.9610566759176,40.0066117925948,38.7234248358487,38.8373184204102,3919300,0,0
2019-06-17 00:00:00,38.0096969166437,38.2147036143148,37.2428196887144,37.4706039428711,5787300,0,0
2019-06-18 00:00:00,37.7743174644697,38.396929098501,37.5085696559566,37.6680183410645,5014200,0,0
2019-06-19 00:00:00,37.9261867692334,38.1463795363514,36.6961491092099,36.8252258300781,5404000,0,0
2019-06-20 00:00:00,37.2769928770915,37.6528370811702,36.9163317813257,37.1517105102539,4228300,0,0
2019-06-21 00:00:00,37.0681872507145,37.4098651009373,36.6809542847514,36.7189178466797,9478500,0,0
2019-06-24 00:00:00,36.8328130272207,37.7363615521193,36.6885503157151,37.6452484130859,4602300,0,0
2019-06-25 00:00:00,37.5769131275918,38.1334659112285,37.2428267878081,37.7287673950195,4005200,0,0
2019-06-26 00:00:00,37.8502490159988,38.8904686087366,37.8198799032069,38.3058204650879,5244400,0,0
2019-06-27 00:00:00,38.4273098452695,38.8297288743949,38.3673246859646,38.6550941467285,4097200,0,0
2019-06-28 00:00:00,38.7538019043205,38.8752870587113,37.2656080389243,37.440242767334,6507400,0,0
2019-07-01 00:00:00,37.9641395640765,38.1159967016196,37.5996841718335,38.0856246948242,4641700,0,0
2019-07-02 00:00:00,37.9641517310463,38.0097097558401,37.0226394936849,37.5085830688477,4725800,0,0
2019-07-03 00:00:00,37.554129949842,37.6983955484557,37.3567176786261,37.4554252624512,2479400,0,0
2019-07-05 00:00:00,37.212455568471,37.485797889959,37.1744920008053,37.440242767334,2529800,0,0
2019-07-08 00:00:00,37.4630278580307,37.5845130368378,36.737911115213,36.8404159545898,5936000,0,0
2019-07-09 00:00:00,36.6733584414285,36.7720660158398,36.0659327843474,36.346866607666,4967400,0,0
2019-07-10 00:00:00,36.703735088818,36.7644762139885,36.0811233495392,36.1039009094238,3507400,0,0
2019-07-11 00:00:00,36.2405665613255,36.4911312677658,35.8229616136922,36.2785301208496,4202000,0,0
2019-07-12 00:00:00,36.7948500435994,37.9945184616885,36.5063246160169,37.743953704834,4328400,0,0
2019-07-15 00:00:00,37.7895086321238,38.6854626467554,37.7059870533377,38.6702766418457,4923800,0,0
2019-07-16 00:00:00,38.6854608226604,39.9724449896212,38.6854608226604,39.7256774902344,6011200,0,0
2019-07-17 00:00:00,39.6042003686683,39.7104995231037,38.8980669611367,39.1790008544922,4417500,0,0
2019-07-18 00:00:00,39.1410352875656,39.520676760571,38.9360285445706,39.2928924560547,3620300,0,0
2019-07-19 00:00:00,39.3080763414944,39.3536343585132,39.1030696095614,39.1182556152344,3221500,0,0
2019-07-22 00:00:00,39.1061018354781,39.1562130395478,38.4197078103208,38.6323089599609,2814900,0,0
2019-07-23 00:00:00,38.7234307453732,40.1660695199511,38.6854671768705,39.9534683227539,4387700,0,0
2019-07-24 00:00:00,39.8623572848721,40.2344072272955,39.5130878019014,40.0825500488281,3516400,0,0
2019-07-25 00:00:00,39.2093729952791,39.4751237786579,38.1919336765815,38.5487976074219,4254600,0,0
2019-07-26 00:00:00,38.1691515273397,38.1919290873594,37.1441178799368,37.2883834838867,5066000,0,0
2019-07-29 00:00:00,36.8404072920202,37.1137496041719,36.4303938237926,36.4835433959961,4219800,0,0
2019-07-30 00:00:00,36.2785367878064,36.7796633963458,36.2785367878064,36.7492942810059,4194300,0,0
2019-07-31 00:00:00,36.8176371858224,37.5313622259416,36.4076236345808,36.779670715332,5188500,0,0
2019-08-01 00:00:00,36.5594769686699,36.9011519955417,35.5192571914439,35.5724067687988,5803200,0,0
2019-08-02 00:00:00,35.4509210173272,36.0659412690528,34.4486677232493,34.6233024597168,5346400,0,0
2019-08-05 00:00:00,34.2132766133933,34.266426166187,33.461585529487,33.9930839538574,5147300,0,0
2019-08-06 00:00:00,34.251259926549,34.5094162875285,33.207245699952,33.7349472045898,4702800,0,0
2019-08-07 00:00:00,33.4843789943267,34.1677348498986,33.340116267677,34.0842132568359,4490100,0,0
2019-08-08 00:00:00,34.3173047251797,35.5496215825158,34.311989768584,35.5268440246582,4573400,0,0
2019-08-09 00:00:00,35.2459092656399,35.6787031641785,35.0029389801229,35.4129524230957,4468000,0,0
2019-08-12 00:00:00,35.2231414946598,35.5344474405143,34.5625660283704,34.6916427612305,4491600,0,0
2019-08-13 00:00:00,34.7599742047337,36.2633541708477,34.6081199245394,35.5724067687988,5407300,0,0
2019-08-14 00:00:00,34.7751611212925,35.0409119114504,33.4084522887663,33.4691963195801,6178300,0,0
2019-08-15 00:00:00,33.6666015733038,33.6893791318694,32.6187904327742,32.9376907348633,3494600,0,0
2019-08-16 00:00:00,32.8693541103611,34.0234643491582,32.4745266947384,33.7956771850586,4586000,0,0
2019-08-19 00:00:00,34.4410761679397,34.8229942526449,34.2816274385262,34.6233024597168,3615500,0,0
2019-08-20 00:00:00,34.3575422911252,34.3575422911252,32.702305767816,32.7706413269043,5972800,0,0
2019-08-21 00:00:00,33.2945540219756,33.5906767861188,32.8313938857642,32.8617630004883,4397800,0,0
2019-08-22 00:00:00,32.8921346207844,33.3325200880454,31.9050674413397,31.9278450012207,6072100,0,0
2019-08-23 00:00:00,31.8898778116175,31.9050638152903,30.7053955930411,30.9104022979736,6696800,0,0
2019-08-26 00:00:00,31.3356029496592,31.3963440703166,30.8344763943904,30.9939250946045,3402400,0,0
2019-08-27 00:00:00,31.2748505357181,31.684863851701,31.0690850121819,31.2596645355225,4152200,0,0
2019-08-28 00:00:00,31.2444894548906,32.3758192438598,30.9483667196851,32.2847061157227,4539300,0,0
2019-08-29 00:00:00,32.6784311744657,33.1956645338754,32.5857899903103,32.7093086242676,3292500,0.7,0
2019-08-30 00:00:00,33.0644217384237,33.1956589766321,32.6321051194885,32.9100227355957,4099200,0,0
2019-09-03 00:00:00,32.5317416125636,32.6012210086597,31.7674712004228,32.2692642211914,3343300,0,0
2019-09-04 00:00:00,32.879140852324,33.0335398481376,32.3078654512887,32.8405418395996,2651400,0,0
2019-09-05 00:00:00,33.3114617653525,33.9444950797396,33.2651411771353,33.4735794067383,4041400,0,0
2019-09-06 00:00:00,33.6125403643235,33.7051786017337,32.9331864185104,33.3809432983398,3217900,0,0
2019-09-09 00:00:00,33.6048214510749,34.4516970372859,33.3963831917297,34.315055847168,3848000,0,0
2019-09-10 00:00:00,34.8168507249759,35.7972812760763,34.5698134304375,35.7586822509766,4704000,0,0
2019-09-11 00:00:00,35.9130766064037,36.3222315198794,35.1874050165772,36.1909942626953,4445000,0,0
2019-09-12 00:00:00,36.3376732019645,36.4303114428756,35.179684883368,36.2604751586914,3649700,0,0
2019-09-13 00:00:00,36.7776940002172,37.3952869372023,36.4766176274942,37.2100105285645,4027600,0,0
2019-09-16 00:00:00,37.5882975201882,38.5841681215803,37.2717808497749,37.835334777832,5040600,0,0
2019-09-17 00:00:00,37.5728476765398,37.897085834521,36.7545380750416,37.0556144714355,3741900,0,0
2019-09-18 00:00:00,36.978420838199,36.978420838199,36.2990670010754,36.6773414611816,2588200,0,0
2019-09-19 00:00:00,37.1482543245443,37.3721327119817,36.661901483455,36.7776985168457,2418300,0,0
2019-09-20 00:00:00,36.6464590777907,37.7118058562692,36.3376611175585,37.2177314758301,10570400,0,0
2019-09-23 00:00:00,36.5847049614885,37.2215990297281,36.3762667421602,36.986141204834,3599400,0,0
2019-09-24 00:00:00,36.885785450945,37.0556246730698,35.4730412916407,35.9748344421387,4515300,0,0
2019-09-25 00:00:00,35.9362304381384,37.0324607140385,35.6119951807767,36.8085823059082,4396200,0,0
2019-09-26 00:00:00,36.6773461318926,36.81630495593,36.2326784839563,36.4611892700195,2994200,0,0
2019-09-27 00:00:00,36.5924281893623,36.9629840588726,36.2913487845262,36.3376693725586,3722300,0,0
2019-09-30 00:00:00,36.4843401145879,36.8934978714151,36.3685430831549,36.7854194641113,2512200,0,0
2019-10-01 00:00:00,37.0093061055192,37.495662030521,35.4344442089456,35.4884834289551,3838400,0,0
2019-10-02 00:00:00,34.4848882998327,34.8708843790065,34.2455726154914,34.6856079101563,4759500,0,0
2019-10-03 00:00:00,34.6238433522874,35.040719779164,34.2532875100358,34.9789619445801,3422400,0,0
2019-10-04 00:00:00,34.8786061581001,35.3418002779092,34.7473659590405,35.002124786377,3512300,0,0
2019-10-07 00:00:00,34.8014036682933,35.3340771324307,34.5582242833199,34.8708801269531,2977900,0,0
2019-10-08 00:00:00,34.5466503781553,34.7782474453384,33.8364189794715,33.8518562316895,2985900,0,0
2019-10-09 00:00:00,34.2687224528913,34.3845224242482,33.9676460612621,33.9753646850586,2844600,0,0
2019-10-10 00:00:00,34.2224181729899,34.9635300330732,33.9830995131035,34.6778907775879,4325000,0,0
2019-10-11 00:00:00,35.3186375355357,36.8394628701493,35.1279542202439,36.3839874267578,3675700,0,0
2019-10-14 00:00:00,36.0674857760594,36.4920810059657,35.6969297784185,36.1446838378906,3196500,0,0
2019-10-15 00:00:00,36.1446799679143,37.1328291891566,35.92080148969,36.4380378723145,3216800,0,0
2019-10-16 00:00:00,36.6619018286629,36.9938556834411,36.2913430725593,36.3762626647949,3626900,0,0
2019-10-17 00:00:00,36.6233115507113,37.4725047989423,36.3917144629817,36.9089508056641,2724400,0,0
2019-10-18 00:00:00,36.9861431086578,37.2030744772944,36.5615480229479,37.0247421264648,2757600,0,0
2019-10-21 00:00:00,37.511091861187,37.8044496493874,36.3531038468819,36.3762626647949,3967000,0,0
2019-10-22 00:00:00,36.3454035105195,36.5800869142499,35.5270905084891,36.1446838378906,4645400,0,0
2019-10-23 00:00:00,36.1137922099261,36.6773461318926,35.9362343669708,36.4611892700195,4152000,0,0
2019-10-24 00:00:00,37.5574004913976,38.5918695728118,36.9320861024743,38.1904335021973,6098900,0,0
2019-10-25 00:00:00,38.4297626091161,39.1863144509946,37.750411737786,38.970157623291,5361100,0,0
2019-10-28 00:00:00,39.1785986391639,39.7112721220684,38.9315614055053,39.5337142944336,4504100,0,0
2019-10-29 00:00:00,39.3407200790966,39.8579563617588,38.8852445832845,39.7498779296875,3462100,0,0
2019-10-30 00:00:00,39.525996506816,39.7344347293039,38.8543641976325,39.3947563171387,3602100,0,0
2019-10-31 00:00:00,39.2789588327621,39.3947558806951,38.3757265453213,38.9778823852539,3744000,0,0
2019-11-01 00:00:00,39.3561643948557,40.521874336866,39.2944065464583,40.3829154968262,3207100,0,0
2019-11-04 00:00:00,40.6453841406279,42.0040889040155,40.4987037608596,41.8188095092773,5430200,0,0
2019-11-05 00:00:00,41.6952957688554,42.4595693122389,41.4173810616324,41.8419761657715,6044500,0,0
2019-11-06 00:00:00,41.811086455312,42.2588432272985,41.5408904342276,41.9037246704102,3847000,0,0
2019-11-07 00:00:00,42.4132461845146,43.1852383076432,42.0118099270978,43.0771598815918,5974300,0,0
2019-11-08 00:00:00,42.8455613828649,43.2238388061523,42.4750055297003,43.2238388061523,4812000,0,0
2019-11-11 00:00:00,42.8841650275196,43.4245601427234,42.6294091393721,43.0848846435547,3184900,0,0
2019-11-12 00:00:00,43.2315575880629,43.316477190226,42.0967282590031,42.5830841064453,2742700,0,0
2019-11-13 00:00:00,41.8342533140246,42.0581317430507,41.2706994010709,41.4250984191895,3426000,0,0
2019-11-14 00:00:00,41.1471830861773,41.795656642757,41.0313860247731,41.6489791870117,2595500,0,0
2019-11-15 00:00:00,41.8960183059698,42.6834507270147,41.7956584923783,42.3514938354492,3865000,0,0
2019-11-18 00:00:00,42.2665575910439,42.3900761803627,41.7802018572008,41.9346008300781,3439900,0,0
2019-11-19 00:00:00,42.3128859909222,42.3128859909222,40.7534616718304,41.2166557312012,5208300,0,0
2019-11-20 00:00:00,41.023664911988,41.2629835534298,40.220792319651,40.6608276367188,5394100,0,0
2019-11-21 00:00:00,40.691707788334,41.6258176351319,40.4137901276532,41.5949401855469,4618400,0,0
2019-11-22 00:00:00,41.6721369461493,42.1970918568757,41.3787790972336,41.8419761657715,3115600,0,0
2019-11-25 00:00:00,42.320602472745,42.6371190844343,41.9654868488821,42.6139602661133,5073700,0,0
2019-11-26 00:00:00,42.6525666912368,43.0385627698905,42.3206098280013,42.7452049255371,4643800,0,0
2019-11-27 00:00:00,42.7530098380413,42.9250236328585,42.1431470856853,42.440258026123,3926000,0.7,0
2019-11-29 00:00:00,42.2291603898572,42.4402674624469,41.5332905853704,41.728759765625,1887600,0,0
2019-12-02 00:00:00,41.4394712094765,42.0258788209313,41.3534642825767,41.5645713806152,3349500,0,0
2019-12-03 00:00:00,40.626315601343,40.665408842691,39.9148078713672,40.5168533325195,3950100,0,0
2019-12-04 00:00:00,41.8225953496059,41.8225953496059,40.8217909215774,40.876522064209,3791400,0,0
2019-12-05 00:00:00,41.0719865145735,41.1658138761548,40.4073924411339,40.6575927734375,2692600,0,0
2019-12-06 00:00:00,41.1189013051726,42.0258782799085,41.1189013051726,41.6114845275879,2818800,0,0
2019-12-09 00:00:00,42.1900637358685,42.2057016269381,41.4316454060433,41.6505699157715,2377200,0,0
2019-12-10 00:00:00,41.7209346177973,41.7443899606636,41.1970757603459,41.5411033630371,2609700,0,0
2019-12-11 00:00:00,41.8304024699698,42.2760719399186,41.4785573666885,41.517650604248,3253300,0,0
2019-12-12 00:00:00,41.6349361039968,42.6748335923379,41.2987288696176,42.5731887817383,2882300,0,0
2019-12-13 00:00:00,42.7217467572679,42.8624848161963,41.6349385109163,41.6583938598633,3198600,0,0
2019-12-16 00:00:00,41.9164142222427,42.6435598587797,41.8382247554724,42.3542633056641,4040000,0,0
2019-12-17 00:00:00,42.2995251731321,42.7999287298172,42.1666075755442,42.737377166748,2665300,0,0
2019-12-18 00:00:00,42.5028198148448,42.7608375865706,41.8616811304073,42.4168128967285,3659100,0,0
2019-12-19 00:00:00,42.5575568375708,42.901581575025,42.268263240561,42.6279258728027,3356000,0,0
2019-12-20 00:00:00,43.0423087999388,43.1986847257875,42.2369768083589,42.6982841491699,10476700,0,0
2019-12-23 00:00:00,42.6044578780708,43.0423068716846,42.3933508350259,42.9484825134277,2678600,0,0
2019-12-24 00:00:00,43.0032238707489,43.1986930701614,42.7295681846207,42.9250373840332,926200,0,0
2019-12-26 00:00:00,42.9875802149558,43.1830493881682,42.6279176520745,43.1752319335938,1909600,0,0
2019-12-27 00:00:00,43.2299705475098,43.4332572104899,42.7843009940405,42.8703079223633,1688500,0,0
2019-12-30 00:00:00,42.8937588841729,43.042314392589,42.4089961354155,42.4871826171875,1943300,0,0
2019-12-31 00:00:00,42.2369862452076,42.8312113170507,42.1666172119846,42.7921180725098,2145700,0,0
2020-01-02 00:00:00,43.1830444780853,43.425427299053,41.9398605585044,42.0258674621582,5145200,0,0
2020-01-03 00:00:00,41.5254740309312,41.9085919622688,40.978159717826,40.9859771728516,5004300,0,0
2020-01-06 00:00:00,40.9077918940683,41.3456439539422,40.6575915691755,40.8217849731445,4293100,0,0
2020-01-07 00:00:00,40.8843379974977,41.4902907191743,40.6497755574092,40.8061485290527,5122800,0,0
2020-01-08 00:00:00,40.9781627013516,41.5723877531206,40.5950417594968,41.2283630371094,3629700,0,0
2020-01-09 00:00:00,41.2440006044749,41.4942009382524,40.5090374968315,40.8061485290527,2667800,0,0
2020-01-10 00:00:00,41.3300078873618,41.3378253429625,40.188468481761,40.2666549682617,3277300,0,0
2020-01-13 00:00:00,40.2666461442992,40.9703362990933,40.2431908000136,40.9312400817871,2665500,0,0
2020-01-14 00:00:00,40.8061453241673,41.4160111996468,40.6184965798836,40.8452415466309,3689800,0,0
2020-01-15 00:00:00,40.806150357256,41.1658159629703,40.4230323838924,40.8687019348145,2235400,0,0
2020-01-16 00:00:00,41.1110836041496,41.3378256095131,40.7905112526091,41.0328941345215,3765600,0,0
2020-01-17 00:00:00,41.0719782362227,41.7209372678864,40.9898815483537,41.7052993774414,3897500,0,0
2020-01-21 00:00:00,41.4238306193715,41.5567512202816,40.8139676975881,41.1267166137695,4156000,0,0
2020-01-22 00:00:00,41.2283580654087,41.2830891958417,39.6270743200824,39.7740669250488,5149600,0,0
2020-01-23 00:00:00,39.2658551050123,39.680248867813,38.4292471408919,39.2893104553223,5797600,0,0
2020-01-24 00:00:00,39.0000123775631,39.3049438269983,37.5613590658349,37.9132041931152,5919300,0,0
2020-01-27 00:00:00,36.9905875240173,37.2016945896381,36.4667285872642,36.8889427185059,4827000,0,0
2020-01-28 00:00:00,37.0609695033174,37.3111698946503,36.7638554201257,36.8733177185059,5813800,0,0
2020-01-29 00:00:00,38.2963215641459,39.0547429404799,37.9992075740424,38.8358154296875,6828000,0,0
2020-01-30 00:00:00,37.7724637838398,38.2963197319317,37.2642427447637,37.8975639343262,5644800,0,0
2020-01-31 00:00:00,37.2955248064799,37.4245351972496,35.9037820425786,36.0210647583008,7532200,0,0
2020-02-03 00:00:00,36.2087070630227,36.7247455088856,35.7552171953072,36.5449142456055,6364900,0,0
2020-02-04 00:00:00,37.2564268224484,37.8271964689295,37.0922304448014,37.5691757202148,5287000,0,0
2020-02-05 00:00:00,38.2181326684866,38.8905470854911,37.9366565885664,38.7889022827148,5403200,0,0
2020-02-06 00:00:00,38.7889150648313,38.8280083148975,37.9679448829446,38.4683456420898,5985200,0,0
2020-02-07 00:00:00,37.9523019433314,37.9523019433314,37.1000560815877,37.5535430908203,3802100,0,0
2020-02-10 00:00:00,37.3737070114733,38.093035152382,37.3737070114733,37.678638458252,2488300,0,0
2020-02-11 00:00:00,37.9522969321096,39.1016536892151,37.9210211472927,38.1477661132813,3705400,0,0
2020-02-12 00:00:00,38.8514496769161,39.3831260376923,38.3041384078429,38.6090698242188,2964200,0,0
2020-02-13 00:00:00,38.2337763020308,38.3041453325792,37.5457238902929,37.7646484375,3302600,0,0
2020-02-14 00:00:00,37.9288395742966,38.2650468131386,37.8271977449709,38.0226669311523,3207000,0,0
2020-02-18 00:00:00,37.6786396379596,37.9366603980034,36.9272572239603,37.3267974853516,3594300,0,0
2020-02-19 00:00:00,37.3893446801951,37.7568276946896,37.0687753428561,37.1860580444336,5644900,0,0
2020-02-20 00:00:00,37.1547803090982,38.1634019453196,37.0922287428413,38.1243057250977,4154200,0,0
2020-02-21 00:00:00,37.9835759673303,38.132131483989,37.592637571533,37.7646484375,3972800,0,0
2020-02-24 00:00:00,36.4432776468927,36.7794849050897,35.8099563734608,36.1539840698242,5075900,0,0
2020-02-25 00:00:00,36.3572685257797,36.3846340924619,34.0741898693683,34.3634834289551,5529300,0,0
2020-02-26 00:00:00,34.7544264473595,35.0906337301957,33.6363423174854,33.659797668457,6470700,0,0
2020-02-27 00:00:00,32.8490975500083,32.9524194050669,31.3946115591599,31.4343509674072,10009300,0.7,0
2020-02-28 00:00:00,30.2977918582779,32.181471079985,30.2421560701522,32.1178855895996,10280000,0,0
2020-03-02 00:00:00,32.6265485457433,32.9206237792969,31.6171518987652,32.9206237792969,7706700,0,0
2020-03-03 00:00:00,32.8649885766148,33.9729409070641,31.585362742271,32.2370986938477,6765300,0,0
2020-03-04 00:00:00,32.9444665146323,33.3577629525833,31.9589130038381,33.3100738525391,4967000,0,0
2020-03-05 00:00:00,31.8158585086989,32.2927405598624,31.5217832145647,31.8714942932129,5447400,0,0
2020-03-06 00:00:00,30.7746695173765,31.5456237699963,30.4488015057935,30.9733695983887,6928400,0,0
2020-03-09 00:00:00,27.6193096991206,27.7703206606597,24.1857727359132,24.2652530670166,15081500,0,0
2020-03-10 00:00:00,25.8389591931305,26.4906982984726,23.2995737205068,24.9567317962646,12975400,0,0
2020-03-11 00:00:00,23.9950232646115,24.1062948297728,22.1351903031248,22.2464618682861,12444100,0,0
2020-03-12 00:00:00,20.2276705822111,20.9747818591777,17.7955802912678,18.8129253387451,18163300,0,0
2020-03-13 00:00:00,22.198773339272,22.2623573046893,17.9465912936006,20.418420791626,17350800,0,0
2020-03-16 00:00:00,18.359889810486,20.2117747088083,17.4458696403715,17.4856090545654,12345400,0,0
2020-03-17 00:00:00,20.4025210620882,21.9364856806762,18.0737562486639,21.1416854858398,19873300,0,0
2020-03-18 00:00:00,19.7428416364071,22.4849035643376,19.4805575706368,21.0145225524902,16955900,0,0
2020-03-19 00:00:00,20.8873521942833,24.9169894273035,20.609171789227,22.3497848510742,13893400,0,0
2020-03-20 00:00:00,22.7233424702615,23.5976231716309,21.1337417463032,21.8093223571777,12649100,0,0
2020-03-23 00:00:00,21.5708792855513,22.5961723825624,20.6727556290354,21.1257915496826,11703100,0,0
2020-03-24 00:00:00,22.7789784214859,23.8122182933146,21.3801295921434,22.627965927124,12333600,0,0
2020-03-25 00:00:00,23.192271055429,25.7713969641255,22.7312869806505,24.1460304260254,10539200,0,0
2020-03-26 00:00:00,24.0665525504286,24.8772476679406,23.0094682594743,23.5896720886231,14298600,0,0
2020-03-27 00:00:00,22.2544094582055,23.2574467932219,21.3960251540274,22.6994972229004,9101400,0,0
2020-03-30 00:00:00,22.5007962927075,23.3591805646212,22.1033961387482,22.7710285186768,6817000,0,0
2020-03-31 00:00:00,22.6915452435961,23.9075901028436,22.6120664358746,23.2399578094482,7599900,0,0
2020-04-01 00:00:00,22.1272432943939,22.469007709521,21.4119232363863,21.4914035797119,10339900,0,0
2020-04-02 00:00:00,21.5470353542024,23.7168396820954,21.3999962158353,22.2782516479492,10680300,0,0
2020-04-03 00:00:00,22.0795512556827,22.7074426581983,21.7934226836214,22.230562210083,8005100,0,0
2020-04-06 00:00:00,23.4704543779179,24.6229139511264,23.4466098221831,24.2732028961182,8021100,0,0
2020-04-07 00:00:00,26.0376575015381,27.8736473570779,25.2825980968962,25.6958961486816,15028000,0,0
2020-04-08 00:00:00,26.2045676276348,27.770322202722,25.7197389453472,27.6511039733887,7220700,0,0
2020-04-09 00:00:00,28.414110153553,29.9957640527897,28.2472028215712,29.0578994750977,9892300,0,0
2020-04-13 00:00:00,28.9863681521024,29.3281325264964,27.4762463567838,28.0008144378662,7170600,0,0
2020-04-14 00:00:00,28.906889553091,29.5188862218314,27.8895460164436,28.1120891571045,7348800,0,0
2020-04-15 00:00:00,26.9039927504693,26.9039927504693,25.3302898135049,25.6164169311523,7586700,0,0
2020-04-16 00:00:00,25.9820179869396,25.9820179869396,24.3606263335141,25.1395301818848,6918500,0,0
2020-04-17 00:00:00,26.2602052876746,27.0709020392539,25.9104911799799,26.5622272491455,6544100,0,0
2020-04-20 00:00:00,25.5766727401539,26.0932941245648,25.0362083180361,25.0600528717041,7140700,0,0
2020-04-21 00:00:00,24.1619284611639,24.7659768621882,23.5419852065042,24.5434322357178,7315100,0,0
2020-04-22 00:00:00,25.2746495203427,25.4534814111477,24.5434331667298,25.3064422607422,5331100,0,0
2020-04-23 00:00:00,25.5130879139501,26.4906949317573,25.4415557670842,25.878698348999,7724700,0,0
2020-04-24 00:00:00,26.2602014300402,26.5065875712605,25.6243618257134,26.3237838745117,4979100,0,0
2020-04-27 00:00:00,26.4748025317288,27.6153391703056,26.0774023299841,27.3729248046875,4885900,0,0
2020-04-28 00:00:00,28.1995155067248,28.7638230166083,27.5875188852749,28.5094871520996,5868600,0,0
2020-04-29 00:00:00,29.4076165259155,30.273949134037,29.3281376940201,29.7811737060547,6887300,0,0
2020-04-30 00:00:00,29.6222003457812,29.6857827777292,28.6525432452207,29.1612148284912,10990200,0,0
2020-05-01 00:00:00,27.6034069129433,27.8895354320167,26.6575958921586,26.9675674438477,8709300,0,0
2020-05-04 00:00:00,25.5130895330596,26.3396826088725,25.2428588139253,26.2761001586914,6248300,0,0
2020-05-05 00:00:00,26.7291316689381,27.460346400187,26.4112103750512,26.522481918335,5041600,0,0
2020-05-06 00:00:00,25.9979195097139,26.5264624861634,25.338235259835,25.401819229126,4601500,0,0
2020-05-07 00:00:00,25.8548522318662,26.8642489549543,25.8389558623779,26.109188079834,5056200,0,0
2020-05-08 00:00:00,26.8483550442497,27.3172873753707,26.5224870197027,27.2854976654053,4175700,0,0
2020-05-11 00:00:00,27.1821707909371,27.2139635305102,26.2919953063462,26.9437313079834,4321000,0,0
2020-05-12 00:00:00,27.2219077301637,28.1438758706968,26.8245076173146,26.8563003540039,5675400,0,0
2020-05-13 00:00:00,26.6258077489181,26.6758799451923,25.2667000810377,25.7117862701416,5865200,0,0
2020-05-14 00:00:00,24.7898199304254,26.6655474675121,24.5593271329748,26.6337547302246,6187900,0,0
2020-05-15 00:00:00,26.3953143525661,27.0073108805574,26.0932924545357,26.6734962463379,4829200,0,0
2020-05-18 00:00:00,28.5174371025362,30.2103596469811,28.3823194678786,29.2009658813477,8544900,0,0
2020-05-19 00:00:00,29.1135406194058,29.1532800345479,28.2790007737295,28.3266868591309,4415500,0,0
2020-05-20 00:00:00,28.8830463900328,29.4076145279022,28.4220607069751,28.7558784484863,5656200,0,0
2020-05-21 00:00:00,28.6128041773811,29.2168509315246,28.3425720166512,28.4697399139404,3941800,0,0
2020-05-22 00:00:00,28.3584798173946,28.7558800356519,28.1120905905828,28.7081909179688,3040600,0,0
2020-05-26 00:00:00,30.4885407197877,30.9574730292414,30.138826639022,30.8303050994873,6188600,0,0
2020-05-27 00:00:00,31.7522773876767,32.3205598092947,31.021059424624,31.6489524841309,6895200,0,0
2020-05-28 00:00:00,32.013006949196,32.1100887452524,31.0259989164033,31.3172473907471,5266800,0.7,0
2020-05-29 00:00:00,30.8561029785948,31.5437736281895,30.5163151715893,31.2282524108887,5254200,0,0
2020-06-01 00:00:00,31.2363395690918,31.5599465138163,30.8884598660368,31.2363395690918,3014400,0,0
2020-06-02 00:00:00,31.7136690538836,33.3559830389199,31.6246761231561,32.8462982177734,6083400,0,0
2020-06-03 00:00:00,33.5663295281679,34.2216354782489,33.5420567656718,33.6795921325684,5160600,0,0
2020-06-04 00:00:00,33.5744209850333,34.5937875895535,33.4287967435054,34.553337097168,3901500,0,0
2020-06-05 00:00:00,36.1713828465943,36.9965858843257,35.4651086433315,35.5727081298828,7656600,0,0
2020-06-08 00:00:00,35.6617007552417,37.1583906200611,35.6617007552417,37.1341209411621,5727300,0,0
2020-06-09 00:00:00,35.9772152295132,36.2603717414945,35.5314420098555,35.9286727905273,5535400,0,0
2020-06-10 00:00:00,35.9124928580651,36.0014857886339,35.1115626552948,35.2571868896484,4267700,0,0
2020-06-11 00:00:00,33.3519336155799,34.0112885780642,31.5114102572454,31.7622051239014,9225100,0,0
2020-06-12 00:00:00,33.8333108076695,33.9101689102666,32.3487556950487,33.3559875488281,5034900,0,0
2020-06-15 00:00:00,31.9402048690975,34.3430024514339,31.7864917198499,33.962760925293,5665300,0,0
2020-06-16 00:00:00,35.7264188969857,36.0014865581806,33.5258776074266,34.1811866760254,5592400,0,0
2020-06-17 00:00:00,34.5452398340664,34.6229064888212,33.1941714964196,33.3074340820313,3525100,0,0
2020-06-18 00:00:00,32.8867539969602,33.9708438793675,32.6683176304108,33.6391448974609,4106800,0,0
2020-06-19 00:00:00,34.4886115175475,34.7879488176637,33.5501460449831,33.6957702636719,7494400,0,0
2020-06-22 00:00:00,33.5420569091338,34.0841033433073,32.902928683084,33.7685852050781,3316000,0,0
2020-06-23 00:00:00,34.3672676771446,34.3672676771446,33.4368938637224,33.4530715942383,3603900,0,0
2020-06-24 00:00:00,32.8463049332256,32.9433898335999,31.0017350325665,31.1069087982178,7707200,0,0
2020-06-25 00:00:00,30.7428402625557,32.3851541626901,30.4839534335545,32.3447036743164,5986900,0,0
2020-06-26 00:00:00,32.0049216220276,32.3608903043525,31.3334316668483,32.1990852355957,8333800,0,0
2020-06-29 00:00:00,32.6521393558446,33.3276722115406,32.5146039649447,33.1537322998047,7756700,0,0
2020-06-30 00:00:00,32.8382100523482,33.1294585277672,32.1667201688905,32.9757423400879,4835300,0,0
2020-07-01 00:00:00,32.9676513671875,33.4126129156447,32.6278635583864,32.9676513671875,4023600,0,0
2020-07-02 00:00:00,33.7038633604714,34.1811865625432,33.0970967351008,33.6472320556641,4017500,0,0
2020-07-06 00:00:00,34.4886112782252,34.6099627355076,33.6229579210121,34.3429870605469,4679000,0,0
2020-07-07 00:00:00,33.7685762760935,34.0355519047043,33.3074309427226,33.7281227111816,4535900,0,0
2020-07-08 00:00:00,33.5663308248708,33.8009449061174,32.0655920000663,32.64404296875,4824200,0,0
2020-07-09 00:00:00,32.6764086804819,32.7815824387098,31.6894005329007,31.9078369140625,3671900,0,0
2020-07-10 00:00:00,31.9078333210013,33.0242847813826,31.8940813266972,32.9757423400879,3007800,0,0
2020-07-13 00:00:00,33.2508090140414,33.8494867608609,32.7653969602118,33.3640747070313,3089000,0,0
2020-07-14 00:00:00,33.4287996469704,34.5290704180008,33.3640794707672,34.334903717041,4350800,0,0
2020-07-15 00:00:00,35.3138184846833,35.6778759873953,34.427938232755,35.054931640625,3788300,0,0
2020-07-16 00:00:00,34.9416691318678,35.8113686495684,34.6585125847909,35.4594459533691,4259800,0,0
2020-07-17 00:00:00,35.6536119806831,35.7183352450789,34.7555967473305,35.3300018310547,4610600,0,0
2020-07-20 00:00:00,35.0630176283986,35.334039288828,34.0760096875224,34.2216339111328,3580900,0,0
2020-07-21 00:00:00,34.3834435849361,35.1358344796887,34.3429930920712,34.8203163146973,3399600,0,0
2020-07-22 00:00:00,34.7394076281097,36.0014832065998,34.6949111660166,35.8720397949219,5792500,0,0
2020-07-23 00:00:00,34.7879544117838,34.9497594681434,33.8818504168151,34.6423301696777,6574300,0,0
2020-07-24 00:00:00,34.6423365787837,35.1762912032337,34.2216445888875,34.4724426269531,2999600,0,0
2020-07-27 00:00:00,34.6342456267022,35.9853113805912,34.3268162898808,35.596981048584,4733600,0,0
2020-07-28 00:00:00,35.3866291591841,35.6131543669525,34.4562524795507,34.4805221557617,3395400,0,0
2020-07-29 00:00:00,34.6261479226222,35.30249235126,34.5776085680452,35.2086448669434,3186900,0,0
2020-07-30 00:00:00,34.5128850848791,34.6504204563429,33.4449760848206,33.7604942321777,4118700,0,0
2020-07-31 00:00:00,33.5663322445237,33.9142089492593,32.8382110342055,33.2184524536133,7462100,0,0
2020-08-03 00:00:00,33.347892601836,33.3640734144934,32.4256078835847,32.4336967468262,5079900,0,0
2020-08-04 00:00:00,32.3932548935044,33.8697212657071,32.279992260884,33.4288024902344,5408800,0,0
2020-08-05 00:00:00,33.89802833926,34.3672595678808,33.7766737857994,33.9708404541016,3563600,0,0
2020-08-06 00:00:00,33.7281302125411,34.2353892662147,33.2152111150356,34.0193786621094,3724900,0,0
2020-08-07 00:00:00,33.6391442581502,34.5169325966605,33.5291159560802,34.4886169433594,2913100,0,0
2020-08-10 00:00:00,34.6342415771108,36.3170061523855,34.6342415771108,36.2441940307617,4245900,0,0
2020-08-11 00:00:00,36.8428676528379,37.2716483838269,35.8720405030033,36.0014839172363,4373800,0,0
2020-08-12 00:00:00,36.5839844206933,36.713427847651,35.5403450548738,35.8235015869141,2577300,0,0
2020-08-13 00:00:00,35.4837085872824,36.3008195224444,35.3623540419594,35.9448509216309,2767100,0,0
2020-08-14 00:00:00,35.5565280473064,36.519263401398,35.4594462426844,36.3008270263672,1998300,0,0
2020-08-17 00:00:00,36.4869013891598,36.7619690711885,35.7668720972486,35.9691276550293,3257300,0,0
2020-08-18 00:00:00,35.9286806431237,36.4302736109081,35.84777964664,36.17138671875,2447100,0,0
2020-08-19 00:00:00,36.1552004005338,36.4868993735231,35.7992317495275,36.1147499084473,3453400,0,0
2020-08-20 00:00:00,35.6131549347368,35.7102367273032,35.2167327286475,35.3461761474609,3324000,0,0
2020-08-21 00:00:00,35.192465741017,35.4918030912369,34.9902101907812,35.2652778625488,2511600,0,0
2020-08-24 00:00:00,35.8396794394992,37.3363722190811,35.6131542325855,37.3120994567871,4609000,0,0
2020-08-25 00:00:00,37.5467216525837,37.7489772105239,36.788667599219,36.8833236694336,4188000,0,0
2020-08-26 00:00:00,36.9561273594554,37.7489685952947,36.6325173061367,37.4900817871094,3928500,0,0
2020-08-27 00:00:00,37.7651552483084,37.9835916051614,37.0613068225652,37.3444633483887,3702300,0,0
2020-08-28 00:00:00,37.3033969624434,37.9605801646016,36.9419469846806,37.8291435241699,3772900,0.7,0
2020-08-31 00:00:00,37.7798561320265,37.878432827333,37.0405230829862,37.0651664733887,3916800,0,0
2020-09-01 00:00:00,36.7940790015584,38.8395618379181,36.5312057304896,38.8313484191895,5428300,0,0
2020-09-02 00:00:00,39.1681481834429,40.482514310258,38.9545617292754,40.4332275390625,7305900,0,0
2020-09-03 00:00:00,40.4825202701262,40.9096901076534,39.3653073310084,39.7514038085938,6726900,0,0
2020-09-04 00:00:00,40.4907311763709,40.8275376948444,39.4967415893753,39.9239082336426,5325900,0,0
2020-09-08 00:00:00,39.1763596069273,39.7719341760297,38.9668845726151,39.3735160827637,4280800,0,0
2020-09-09 00:00:00,39.8992641682673,40.9754035790588,39.8417608466071,40.4414405822754,4168100,0,0
2020-09-10 00:00:00,40.4989403913839,40.8686068083494,39.9731939911201,40.0060539245605,4211300,0,0
2020-09-11 00:00:00,40.4250209369735,41.419010760862,40.2853708726225,40.9507675170898,6225700,0,0
2020-09-14 00:00:00,41.1314849177934,41.4929348276922,40.8234300558364,41.1479148864746,5298900,0,0
2020-09-15 00:00:00,41.5750886823732,42.3554950346989,41.3943621431387,41.9529685974121,4771700,0,0
2020-09-16 00:00:00,41.2300646458457,41.977611040807,40.60574145826,40.8275413513184,5863500,0,0
2020-09-17 00:00:00,40.5564497612668,42.1008323928188,40.1292799638717,41.8708190917969,5253700,0,0
2020-09-18 00:00:00,41.5093663080404,42.0844026980406,41.2793530055188,41.3779296875,6271100,0,0
2020-09-21 00:00:00,40.2853589757296,40.523588803772,38.7574064699342,39.3570861816406,6468800,0,0
2020-09-22 00:00:00,39.414594038234,39.5583523531892,38.7738409008931,39.2667274475098,4181900,0,0
2020-09-23 00:00:00,39.1681515353484,39.5296014677305,38.1741618710255,38.3959617614746,4018000,0,0
2020-09-24 00:00:00,38.3384497936656,38.6013261374609,37.533400196024,38.1248664855957,4648700,0,0
2020-09-25 00:00:00,37.5991267681305,38.1166598637655,37.4841201099219,37.8209266662598,4090200,0,0
2020-09-28 00:00:00,38.1988031748758,39.6610359280346,38.1988031748758,39.0038528442383,3993100,0,0
2020-09-29 00:00:00,38.7984859877857,39.2502991975932,38.0016496732748,38.2563095092773,2716800,0,0
2020-09-30 00:00:00,38.7656223381361,39.5295986393431,38.2891657856188,38.6506156921387,4663200,0,0
2020-10-01 00:00:00,38.7820519223375,39.0202817630834,37.7305590165572,37.8784255981445,3407600,0,0
2020-10-02 00:00:00,37.270535495916,38.9956448564962,37.0733821101732,38.8642082214355,4559000,0,0
2020-10-05 00:00:00,39.3488757450747,40.1563884959683,39.1845791914394,39.9074821472168,3913400,0,0
2020-10-06 00:00:00,40.351083990415,40.9014770462698,39.3160208958397,39.3324508666992,4474700,0,0
2020-10-07 00:00:00,39.8006943764407,40.3017975235972,39.4310278634812,39.6774711608887,4506400,0,0
2020-10-08 00:00:00,39.9403404475783,40.5893101352219,39.822049682181,40.5646667480469,2962000,0,0
2020-10-09 00:00:00,40.9096867721164,41.1479166275302,40.0060603922868,40.5482368469238,4472800,0,0
2020-10-12 00:00:00,40.5810951967948,40.6632419067643,39.6462509716433,39.9074821472168,3005700,0,0
2020-10-13 00:00:00,39.8253374576976,40.2360773280951,39.2667309832613,39.3324508666992,6832200,0,0
2020-10-14 00:00:00,39.2995840100923,40.2278568312931,38.9545609501441,40.112850189209,5322100,0,0
2020-10-15 00:00:00,39.3324457544349,40.3141136663961,39.2995858169869,40.2607154846191,2793200,0,0
2020-10-16 00:00:00,40.5564504698148,41.0698752640629,40.3592971036934,40.4989471435547,2754300,0,0
2020-10-19 00:00:00,40.5235819037219,41.3450613361068,40.038908913267,40.1210556030273,2903500,0,0
2020-10-20 00:00:00,40.540024179125,41.1972104823554,40.4250175161686,40.531810760498,2503600,0,0
2020-10-21 00:00:00,40.5646611049762,40.8398560024685,39.8828315734863,39.8828315734863,4092500,0,0
2020-10-22 00:00:00,40.9179033962425,41.2054200265993,38.7327676044416,40.1046371459961,5244000,0,0
2020-10-23 00:00:00,40.6796794855566,41.0329160451597,39.7678364193114,39.8664131164551,3123400,0,0
2020-10-26 00:00:00,39.3817278350082,39.5460243689777,38.4592085471006,38.7327613830566,4026400,0,0
2020-10-27 00:00:00,38.5438261517831,38.765626047586,38.1084429120754,38.2563095092773,4141200,0,0
2020-10-28 00:00:00,36.9172920647035,37.5416183150462,36.4161921414311,37.1144485473633,6157100,0,0
2020-10-29 00:00:00,36.6626350310587,38.3302375983378,36.6133451274584,37.9934310913086,4300100,0,0
2020-10-30 00:00:00,37.6730605417388,37.9441472204006,36.7447875787043,37.3691139221191,5165900,0,0
2020-11-02 00:00:00,37.9934345246538,39.4803138471546,37.6894879258915,39.2831573486328,3675800,0,0
2020-11-03 00:00:00,39.6363908501436,40.2771439377881,39.1517177589598,40.0307006835938,3293500,0,0
2020-11-04 00:00:00,39.389953506811,39.710330098709,37.9950794021686,38.1577339172363,4542300,0,0
2020-11-05 00:00:00,38.5273895639436,40.6221616491808,38.5109595980023,40.2278518676758,4253000,0,0
2020-11-06 00:00:00,40.4414442798012,40.9261174164623,39.4564890652597,39.6199645996094,3061500,0,0
2020-11-09 00:00:00,42.3801380004546,44.5077705564387,42.3390646420464,42.8155212402344,9208300,0,0
2020-11-10 00:00:00,42.9880319708046,44.1134582238738,42.7744455050361,43.9163017272949,6148700,0,0
2020-11-11 00:00:00,43.9491595317969,44.0354145155821,42.7333700740636,42.8894500732422,4118500,0,0
2020-11-12 00:00:00,42.5033620837083,42.7744487617357,41.5175857931527,41.9283256530762,3467600,0,0
2020-11-13 00:00:00,41.2957791519404,42.8237316828358,41.2382758316333,42.6922950744629,3482900,0,0
2020-11-16 00:00:00,43.9902317430005,44.3106082840779,42.8319456378846,44.3023948669434,4075600,0,0
2020-11-17 00:00:00,43.6698585270935,44.8199313026453,43.3987718692697,44.7542114257813,4795000,0,0
2020-11-18 00:00:00,44.8938584732896,46.2287627364588,44.7952786714408,45.4278182983398,5903500,0,0
2020-11-19 00:00:00,45.1074454309469,45.5839051107293,44.2941792351341,45.4606819152832,3514000,0,0
2020-11-20 00:00:00,45.2388788270244,45.5263954176936,44.5899092267188,44.9595756530762,2871700,0,0
2020-11-23 00:00:00,45.4113986358642,46.2410949210351,45.4113986358642,45.9535751342773,4560700,0,0
2020-11-24 00:00:00,46.8243391035283,47.7936853216304,46.5039625478955,47.4240188598633,4442800,0,0
2020-11-25 00:00:00,47.1940117007858,47.1940117007858,46.1384103599866,46.3561019897461,4158500,0,0
2020-11-27 00:00:00,46.5058195282429,46.6222707242154,45.7572001640522,46.0816040039063,2847400,0.7,0
2020-11-30 00:00:00,45.657389923386,45.7488882074902,43.9189320445791,44.0936088562012,8760600,0,0
2020-12-01 00:00:00,45.2747576467893,45.2747576467893,44.0021079399334,44.5261383056641,4328700,0,0
2020-12-02 00:00:00,44.3514589832834,44.5552485583139,43.8274254744338,44.2516441345215,3723000,0,0
2020-12-03 00:00:00,44.0769831086571,44.8247681603188,43.918939437489,44.5843772888184,3213800,0,0
2020-12-04 00:00:00,44.7590425861284,45.8320593803762,44.7507228308773,45.790470123291,3294500,0,0
2020-12-07 00:00:00,45.6906612818901,45.6989778651783,44.1019273370198,44.2599678039551,3602700,0,0
2020-12-08 00:00:00,44.0021118842563,45.4743914320152,43.9189301871988,45.3745765686035,3161500,0,0
2020-12-09 00:00:00,45.6989744739953,46.3727319004095,45.2082135969163,45.4660720825195,3219100,0,0
2020-12-10 00:00:00,45.4660743414625,45.840384041401,44.9503605176903,45.2747611999512,3402000,0,0
2020-12-11 00:00:00,45.15830587741,45.2913934060144,44.559410412162,44.9170837402344,2674800,0,0
2020-12-14 00:00:00,45.4161512341168,45.5492387335779,44.1102291540741,44.1351852416992,3121900,0,0
2020-12-15 00:00:00,44.7923172005571,45.0418591176646,44.2100611887922,45.0252227783203,2335500,0,0
2020-12-16 00:00:00,44.9420375763458,45.0085829285329,44.284919675312,44.7756805419922,1948800,0,0
2020-12-17 00:00:00,45.0834448632149,45.1915794739904,44.571887780712,44.7756805419922,2222300,0,0
2020-12-18 00:00:00,45.840382429067,46.3727325733409,45.1167191500108,46.2978706359863,11536700,0,0
2020-12-21 00:00:00,44.9586756959547,45.9152445466789,44.6925006227727,45.8154296875,4458800,0,0
2020-12-22 00:00:00,45.7571995258576,45.9734687494105,45.2830749928353,45.4743881225586,2268300,0,0
2020-12-23 00:00:00,45.7655213325474,46.3893697642783,45.5242991774111,45.5409355163574,2251600,0,0
2020-12-24 00:00:00,45.6823349236178,45.7222614983574,45.1957339586163,45.5742034912109,1074700,0,0
2020-12-28 00:00:00,45.9734676355719,46.3893665613436,45.0668078504673,45.1583061218262,3668200,0,0
2020-12-29 00:00:00,45.3329781936661,45.5991532246284,44.7923083771796,45.1915740966797,2222000,0,0
2020-12-30 00:00:00,45.2082155898819,46.2978720051434,45.1666263285788,46.1398315429688,3790000,0,0
2020-12-31 00:00:00,46.1398305561465,46.6638609488607,45.8403828042771,46.1647834777832,2663500,0,0
2021-01-04 00:00:00,46.4309546529615,46.6813247084552,44.6259548835213,44.9503555297852,4852800,0,0
2021-01-05 00:00:00,45.0335338196304,46.72208239207,44.9170826316079,46.4143180847168,3112800,0,0
2021-01-06 00:00:00,47.370887368592,49.2507490807665,47.0381669651534,48.6019477844238,6208400,0,0
2021-01-07 00:00:00,49.0760737108282,49.7165584434143,48.3316142458039,48.6684913635254,4437600,0,0
2021-01-08 00:00:00,48.5520404733222,48.9596228231639,48.0363266856722,48.4189529418945,4063500,0,0
2021-01-11 00:00:00,47.994739800314,49.0344871825865,47.6204301080844,48.9596252441406,3455900,0,0
2021-01-12 00:00:00,49.3422519773846,50.9143495262872,49.0760768988961,50.7729454040527,6235000,0,0
2021-01-13 00:00:00,50.5317186396674,50.9975265710743,49.625058869663,49.9328231811523,3236300,0,0
2021-01-14 00:00:00,50.0825497788871,50.3237719265148,49.4254286897179,49.6167449951172,3578800,0,0
2021-01-15 00:00:00,48.7599947716686,48.9263549957039,47.5206176073732,47.6703414916992,6692900,0,0
2021-01-19 00:00:00,48.0446452114223,48.4106383174443,46.8551771360224,47.8699684143066,4919300,0,0
2021-01-20 00:00:00,48.1361436965822,48.7683118789656,47.6037935470322,48.7184028625488,3724400,0,0
2021-01-21 00:00:00,48.6684898579857,48.8847590716789,47.6703349959021,47.8782844543457,3442000,0,0
2021-01-22 00:00:00,47.4041650400236,48.0654428659101,47.3043470046369,47.8283805847168,2621500,0,0
2021-01-25 00:00:00,47.2960297590786,47.7618345587965,46.2978716305933,47.6037940979004,3682400,0,0
2021-01-26 00:00:00,48.1527895997211,48.452237411585,46.3311529749597,46.3644256591797,3060300,0,0
2021-01-27 00:00:00,45.4494350629921,45.8154281561772,43.8024756628302,45.2414855957031,6283500,0,0
2021-01-28 00:00:00,45.0335328706658,45.6241085535103,44.085283876114,45.2331657409668,5817000,0,0
2021-01-29 00:00:00,44.7923142916398,45.5035042669298,43.0538566062736,43.1703109741211,8895400,0,0
2021-02-01 00:00:00,43.5778868746374,43.9521965247488,42.6961832244382,43.8773345947266,4128300,0,0
2021-02-02 00:00:00,44.5510933429945,45.6407464799548,43.9771508040514,45.4244804382324,5229500,0,0
2021-02-03 00:00:00,45.1749412146798,46.0774410971994,44.949524079277,46.0400085449219,3984200,0,0
2021-02-04 00:00:00,46.1398240605506,46.8884401617762,45.5991542321182,46.8634872436523,4312200,0,0
2021-02-05 00:00:00,47.196218777369,48.1028787024149,46.9466768449441,47.612117767334,3732500,0,0
2021-02-08 00:00:00,48.0363260626377,48.4605415719808,47.5871544599988,47.7036056518555,2543200,0,0
2021-02-09 00:00:00,47.8283770349827,47.8408534952157,46.8884445630566,47.0797576904297,4209500,0,0
2021-02-10 00:00:00,47.4124769378491,48.5603588469056,46.9799416797545,47.9697799682617,3453000,0,0
2021-02-11 00:00:00,48.0862343313716,48.1943657661026,47.154618464834,47.9697799682617,2326500,0,0
2021-02-12 00:00:00,47.8782881851749,48.4688639316405,47.7826300306918,48.3690490722656,1975100,0,0
2021-02-16 00:00:00,48.9929006923758,49.3713671109349,48.6934529216589,48.8681297302246,4072700,0,0
2021-02-17 00:00:00,48.7267236060199,49.0012152692321,47.9198786094114,48.6934509277344,3277800,0,0
2021-02-18 00:00:00,48.4938130744268,48.7974206798994,47.4956550392863,47.8782844543457,3112600,0,0
2021-02-19 00:00:00,48.0363272221954,50.3487242964743,48.0363272221954,50.2322731018066,4037100,0,0
2021-02-22 00:00:00,50.4235927053679,52.037282818804,50.0742390765152,51.9707374572754,5672600,0,0
2021-02-23 00:00:00,52.3533577337024,52.3783138279285,51.1638865044418,51.6712837219238,4147200,0,0
2021-02-24 00:00:00,51.5714735866199,53.2184331687805,51.5240617628346,52.9772109985352,4668600,0,0
2021-02-25 00:00:00,52.5482705180821,52.8485242213824,51.4086597143211,51.5978927612305,3260300,0.7,0
2021-02-26 00:00:00,51.1773730794506,51.345582018116,49.4532386768465,49.8821716308594,6399700,0,0
2021-03-01 00:00:00,51.4296961565209,52.3716618691151,50.941890478728,51.7577018737793,4083800,0,0
2021-03-02 00:00:00,52.321199074229,53.8603067983555,51.9763721339854,52.7585411071777,7316000,0,0
2021-03-03 00:00:00,52.5650997238466,53.3136262305831,52.1529879303512,52.3548393249512,5390300,0,0
2021-03-04 00:00:00,52.1950407982384,52.6660220223911,50.5381878847379,51.4717445373535,6050400,0,0
2021-03-05 00:00:00,52.2454999618422,53.0192598528235,51.0932739416519,52.9099235534668,3883800,0,0
2021-03-08 00:00:00,53.128596938758,54.0537414259959,52.5735096047514,53.3556785583496,4437600,0,0
2021-03-09 00:00:00,53.5491115061066,53.5827539365687,52.0688798572809,52.3632431030273,5823200,0,0
2021-03-10 00:00:00,52.6660187204891,54.2135352349385,52.4557583419406,53.9023475646973,4238500,0,0
2021-03-11 00:00:00,54.1042068902722,54.8947816195941,54.011691802271,54.0957946777344,3651800,0,0
2021-03-12 00:00:00,54.3985711597611,54.7097588629813,53.7257385187645,54.1126136779785,2690800,0,0
2021-03-15 00:00:00,53.8855291705392,54.0705593289943,52.5230428256646,52.9015121459961,5353300,0,0
2021-03-16 00:00:00,52.7248930852712,53.6836831376351,52.026830274104,53.1370048522949,6461600,0,0
2021-03-17 00:00:00,53.3893173834923,55.7190028696046,53.1370055593315,55.5171546936035,5138900,0,0
2021-03-18 00:00:00,55.5591976948778,56.5768571079773,54.356508130917,54.4322052001953,4203500,0,0
2021-03-19 00:00:00,54.432217652284,54.4995025255599,52.6996706652621,53.7509727478027,6445800,0,0
2021-03-22 00:00:00,53.6584459518223,53.6584459518223,52.4809898010944,53.4145431518555,4631100,0,0
2021-03-23 00:00:00,52.708075302515,52.7232153602433,50.7989137021484,51.0932769775391,5523500,0,0
2021-03-24 00:00:00,51.8081547163907,53.3388499778987,51.6424707228321,52.1782150268555,4322600,0,0
2021-03-25 00:00:00,51.6988181255051,53.2463344969137,51.5137879828233,53.1874618530273,3921200,0,0
2021-03-26 00:00:00,53.3136219073593,53.9444030528952,53.0613100908088,53.8182487487793,4256300,0,0
2021-03-29 00:00:00,53.5070637047314,54.7686292661562,53.4061396148123,53.7425575256348,3193700,0,0
2021-03-30 00:00:00,53.5911722739176,54.4910865375685,53.3893208763918,54.3396987915039,2605100,0,0
2021-03-31 00:00:00,54.0537375691636,54.6340582917084,53.4145474031316,53.776195526123,3643800,0,0
2021-04-01 00:00:00,53.7846122558701,54.4322146884515,53.3893216676963,54.3312873840332,3698900,0,0
2021-04-05 00:00:00,54.6676907703102,54.8527209041947,54.0369097229605,54.3228607177734,4077900,0,0
2021-04-06 00:00:00,54.0285118874165,54.9957110340177,53.9359967958593,54.3312873840332,3420300,0,0
2021-04-07 00:00:00,54.238766304151,54.6424690606146,53.5407035047505,53.8182487487793,2374000,0,0
2021-04-08 00:00:00,53.7089119312774,53.8518874495532,52.6660190357735,53.1454124450684,3638900,0,0
2021-04-09 00:00:00,53.1454182907297,53.4566059970626,52.5987431680915,53.1033668518066,3721000,0,0
2021-04-12 00:00:00,53.4902435330437,53.9528189715386,53.2379316991585,53.6500434875488,3143800,0,0
2021-04-13 00:00:00,53.4818246496111,53.5575185066263,52.5230379329648,53.2463340759277,4471600,0,0
2021-04-14 00:00:00,53.4818283755019,54.4826665916996,53.2883892181688,54.0285034179688,4234400,0,0
2021-04-15 00:00:00,54.5667778243759,54.600420259067,53.6584545459523,54.3060569763184,2632500,0,0
2021-04-16 00:00:00,54.89477862956,55.0966332196433,54.045331292018,54.398567199707,3698800,0,0
2021-04-19 00:00:00,54.499494547104,54.7013427207434,53.7761950985531,54.289234161377,2566600,0,0
2021-04-20 00:00:00,53.8266585187142,53.868713162337,52.3800660443617,52.5482749938965,4532200,0,0
2021-04-21 00:00:00,52.5314531240138,54.6845173846293,52.4599653640552,54.5163116455078,4283500,0,0
2021-04-22 00:00:00,53.8266606078948,53.8687152531499,51.0680452784023,51.2446632385254,12028900,0,0
2021-04-23 00:00:00,51.3876373042358,52.556687751052,50.8409622229765,52.2370910644531,5682300,0,0
2021-04-26 00:00:00,52.4473526246648,52.8342309754381,52.085704494236,52.3127861022949,4871600,0,0
2021-04-27 00:00:00,52.3716607707595,52.8594632300029,51.9090885328317,52.6912574768066,3781300,0,0
2021-04-28 00:00:00,53.0108402939259,53.8813212537594,52.7332982904159,53.2463340759277,5584300,0,0
2021-04-29 00:00:00,53.675272791348,54.4069812679276,53.351473198253,53.8771209716797,4366000,0,0
2021-04-30 00:00:00,53.3640918098767,53.5827612209702,52.396892656676,52.5651016235352,4932300,0,0
2021-05-03 00:00:00,53.1370049376032,54.6971398230184,53.0865412900339,54.289234161377,6327800,0,0
2021-05-04 00:00:00,54.0369185150263,55.7358195889875,53.658449183374,55.6937713623047,7367200,0,0
2021-05-05 00:00:00,55.9208514362959,57.3884712660856,55.6264881741049,57.249698638916,7467100,0,0
2021-05-06 00:00:00,57.2076550907223,58.1075694763389,56.4927709105551,58.0655212402344,4670600,0,0
2021-05-07 00:00:00,57.4852003988962,58.3010118956646,57.0058068741592,58.0655212402344,5174900,0,0
2021-05-10 00:00:00,58.6626539546359,59.3775380600027,57.7459216538259,57.8047943115234,5039000,0,0
2021-05-11 00:00:00,57.0562562602364,57.9477646757411,56.5179901760182,57.6702194213867,5693400,0,0
2021-05-12 00:00:00,57.8216073430441,58.1159706061902,56.6862025185446,56.8544082641602,4886200,0,0
2021-05-13 00:00:00,56.7366581974219,57.69544498357,56.618912902045,57.2581062316895,3068400,0,0
2021-05-14 00:00:00,57.6113441161669,58.9065488268773,57.5020110285638,58.7299308776855,4817200,0,0
2021-05-17 00:00:00,58.5196768200245,59.7812392362368,58.4271617295046,59.6382637023926,3607500,0,0
2021-05-18 00:00:00,59.7139474068836,60.0335408717479,58.4607973495104,58.4776153564453,3523800,0,0
2021-05-19 00:00:00,57.6113457772778,57.9561758903834,56.5768618545987,57.6534004211426,4398500,0,0
2021-05-20 00:00:00,57.5777058716337,57.7963784793766,57.0730822063055,57.4095001220703,3126500,0,0
2021-05-21 00:00:00,57.7627318015231,58.5364884592771,57.6533987140049,57.8888893127441,3855700,0,0
2021-05-24 00:00:00,58.52806655055,58.8813088067716,58.1117551741234,58.4944305419922,3420100,0,0
2021-05-25 00:00:00,58.4187572233797,59.2513867312622,57.9982363625003,58.0655212402344,4419400,0,0
2021-05-26 00:00:00,57.8888920295037,58.5701336387759,57.3674439530823,58.5112609863281,6059200,0,0
2021-05-27 00:00:00,58.8935774287593,59.4373144999444,57.9760186904379,58.3328514099121,6256600,0.7,0
2021-05-28 00:00:00,58.6896691874533,58.7661291636965,57.5257287437422,58.1289367675781,3815200,0,0
2021-06-01 00:00:00,58.7661372438489,59.921580132895,58.494268710065,59.8196334838867,4139100,0,0
2021-06-02 00:00:00,59.7431602908566,59.7431602908566,58.502759839965,58.5792198181152,4797800,0,0
2021-06-03 00:00:00,58.9190625625571,60.0660077147733,58.1467881910467,59.9895477294922,4322500,0,0
2021-06-04 00:00:00,60.3208799943015,60.4398220560235,59.3693370186697,59.7856407165527,3041900,0,0
2021-06-07 00:00:00,59.7856403537262,59.8705980427469,58.5282445179098,58.8255996704102,2803900,0,0
2021-06-08 00:00:00,58.6386928590602,59.2334096864204,58.0354847995189,58.9445457458496,3469400,0,0
2021-06-09 00:00:00,58.834098507857,59.0549936890157,58.1714194462374,58.4857635498047,3379200,0,0
2021-06-10 00:00:00,59.4628022839019,59.6157287431731,57.7296379061134,57.7636222839355,4022000,0,0
2021-06-11 00:00:00,58.1714259353569,58.6386965269502,57.6361801090671,57.7721176147461,2726100,0,0
2021-06-14 00:00:00,57.6276877639767,57.9250429495884,56.6081759366346,56.888542175293,3712800,0,0
2021-06-15 00:00:00,56.8460652314956,57.2836035261574,56.4467569279736,57.1094360351563,3255000,0,0
2021-06-16 00:00:00,56.9310205043203,57.0244759110322,55.3932583914226,55.7245979309082,5428800,0,0
2021-06-17 00:00:00,55.8775224385132,55.9030155791629,52.9549377174021,53.9829406738281,5696100,0,0
2021-06-18 00:00:00,53.141847310462,53.566642258173,52.5726236361748,52.6575813293457,8745300,0,0
2021-06-21 00:00:00,53.6431052204341,54.3304250759531,53.3457500548376,53.617618560791,5260000,0,0
2021-06-22 00:00:00,53.9149864132046,54.2208393646049,53.2523071791231,53.9489707946777,4019100,0,0
2021-06-23 00:00:00,54.3737576863279,54.60314412455,53.6091254224925,53.6516075134277,3254400,0,0
2021-06-24 00:00:00,54.1868422323409,54.2293243196503,53.3202601542663,53.617618560791,4253700,0,0
2021-06-25 00:00:00,53.7365653976766,54.2633102696089,53.6176233208785,53.7705497741699,4259700,0,0
2021-06-28 00:00:00,53.7790430187559,53.7790430187559,52.8190054707961,53.439208984375,2727000,0,0
2021-06-29 00:00:00,53.7620479532347,54.212332805057,53.1673376146684,53.5071716308594,2652900,0,0
2021-06-30 00:00:00,53.3967266934037,54.05091133931,53.3117689953601,53.7620506286621,3356500,0,0
2021-07-01 00:00:00,54.5606766974784,54.7305921229862,53.8810020317314,53.9489707946777,3324700,0,0
2021-07-02 00:00:00,53.8045276727479,54.1783460463821,53.3542428407458,53.9574508666992,3172800,0,0
2021-07-06 00:00:00,53.8640029107034,53.906481759059,52.1690686652383,52.615104675293,3727000,0,0
2021-07-07 00:00:00,52.419704291862,53.0908811779264,51.9048536011452,52.8869781494141,3424300,0,0
2021-07-08 00:00:00,51.8249890065779,52.691571178878,51.5276338086493,52.1733207702637,4251300,0,0
2021-07-09 00:00:00,52.8699792071758,54.0933874991973,52.7595316124671,53.5921325683594,5063200,0,0
2021-07-12 00:00:00,53.1503418465877,54.0339128218943,52.6533293243757,53.7110710144043,3100400,0,0
2021-07-13 00:00:00,53.8810012059637,54.1103909159984,52.9464534162777,53.2692985534668,3074500,0,0
2021-07-14 00:00:00,53.4731903270295,54.0721527978817,52.8190056761194,52.9464454650879,2571700,0,0
2021-07-15 00:00:00,52.5046624079407,53.2862869089459,52.4112069875123,52.5981178283691,2745800,0,0
2021-07-16 00:00:00,52.0798662232622,52.4366957076643,50.8054812264078,50.9838943481445,6961300,0,0
2021-07-19 00:00:00,49.3951602155896,49.6840209343152,48.4733558782328,49.0978050231934,7815400,0,0
2021-07-20 00:00:00,49.3951642426023,50.2872331334466,48.9601732620379,49.8029670715332,6771700,0,0
2021-07-21 00:00:00,50.5675929049007,51.0178745296563,50.1725334587324,50.7460060119629,7428300,0,0
2021-07-22 00:00:00,49.751990393242,51.7315333612679,49.2762188377296,51.3832015991211,7111300,0,0
2021-07-23 00:00:00,51.6890555951191,52.0628740274119,50.8054812195956,51.0688552856445,4690500,0,0
2021-07-26 00:00:00,51.1453117047362,52.7085572221483,51.1453117047362,52.6830673217773,6534300,0,0
2021-07-27 00:00:00,52.2582737039945,53.0314003889941,51.7060422095253,52.6320953369141,3568500,0,0
2021-07-28 00:00:00,52.5301477411117,52.9294528105647,51.8759630959685,52.5641288757324,4113600,0,0
2021-07-29 00:00:00,53.0483919182067,53.464692393088,52.6830680037991,53.184326171875,3708600,0,0
2021-07-30 00:00:00,53.0908787891985,53.7153246963903,52.3899664139423,52.8105125427246,4646800,0,0
2021-08-02 00:00:00,52.9294535061579,54.0254253250578,51.9864081383104,52.0118980407715,3714500,0,0
2021-08-03 00:00:00,51.9524281868059,52.9039680498657,51.1070838295273,52.8699836730957,4819700,0,0
2021-08-04 00:00:00,52.4536826075176,52.8444931893238,51.8079924592976,51.8164901733398,3340100,0,0
2021-08-05 00:00:00,52.0713711934323,52.5046606617288,51.7400316163357,51.8249893188477,3037100,0,0
2021-08-06 00:00:00,52.3432362505963,52.9889231731734,52.2922596879212,52.6745758056641,3142800,0,0
2021-08-09 00:00:00,52.4366945201848,52.8657351259411,52.1308416093175,52.5216522216797,3178100,0,0
2021-08-10 00:00:00,52.691566292552,54.0084299970049,52.6235975445122,53.6261138916016,3560000,0,0
2021-08-11 00:00:00,53.8809885364737,54.6286317779092,53.7110731535237,54.5776519775391,3583600,0,0
2021-08-12 00:00:00,54.6796145815688,54.9005098032071,53.7815985983697,54.3822593688965,3581400,0,0
2021-08-13 00:00:00,54.3482732984376,54.4587176648905,53.8215251653437,54.1103858947754,2385600,0,0
2021-08-16 00:00:00,53.6940858793189,54.0296743009249,52.7935193590245,53.7960357666016,3163400,0,0
2021-08-17 00:00:00,53.2607919768267,53.4179672818853,51.9439282228346,52.9379501342773,3974300,0,0
2021-08-18 00:00:00,52.5981070500385,53.3797313908743,52.4281884332544,52.5726203918457,4574000,0,0
2021-08-19 00:00:00,51.8589694008506,52.1563245759416,51.1028348919664,51.4426689147949,3981600,0,0
2021-08-20 00:00:00,51.3237302515168,51.9184438821029,51.2472670241425,51.7315330505371,3203600,0,0
2021-08-23 00:00:00,52.2497800832607,53.0314012540639,52.2157957086358,52.7255516052246,3439900,0,0
2021-08-24 00:00:00,53.0653848741513,53.9744458164078,53.0653848741513,53.7450561523438,2896000,0,0
2021-08-25 00:00:00,53.7790396833842,54.5266796981393,53.3712369228619,54.2633056640625,3246700,0,0
2021-08-26 00:00:00,54.2378255041277,54.8495280977529,53.9234781128947,54.0764045715332,3618500,0,0
2021-08-27 00:00:00,54.5351844713437,55.9497526068742,54.4757134302939,55.5461921691895,5348700,0,0
2021-08-30 00:00:00,55.8210062704012,56.1026901718596,54.919282978157,54.9450454711914,3925000,0.7,0
2021-08-31 00:00:00,54.7045861577261,54.8591676661244,53.8372117743799,54.0175590515137,5450000,0,0
2021-09-01 00:00:00,53.9574414330543,54.1034332518873,53.0814806920462,53.7083930969238,3949200,0,0
2021-09-02 00:00:00,53.8973174793782,54.4125901803608,53.605330598289,53.7770881652832,3414600,0,0
2021-09-03 00:00:00,53.6311025359288,53.9531467826105,52.9612482751484,53.3477020263672,3690400,0,0
2021-09-07 00:00:00,53.2274738881926,53.5022847227567,52.9354869669678,53.1330070495605,2514300,0,0
2021-09-08 00:00:00,53.0986537378927,53.339112379145,51.9650550445529,52.1196365356445,4629000,0,0
2021-09-09 00:00:00,51.7417736728929,52.5490300412913,51.5871921782629,51.7675361633301,4439100,0,0
2021-09-10 00:00:00,52.2570411347837,52.763724175317,51.8190624341208,51.8791770935059,4093300,0,0
2021-09-13 00:00:00,52.6177318670862,52.8925426719501,51.7117138686744,52.1454010009766,4549200,0,0
2021-09-14 00:00:00,52.5919690769495,52.6434940550646,51.1165751779253,51.2265014648438,4493600,0,0
2021-09-15 00:00:00,51.312383527377,52.1024638435177,51.2436791819717,51.6988372802734,5167600,0,0
2021-09-16 00:00:00,51.6473102817406,51.8018917866719,50.7284109335396,51.0719261169434,4650700,0,0
2021-09-17 00:00:00,50.4965414257652,50.8142908583133,49.3543594393605,49.5948181152344,9622900,0,0
2021-09-20 00:00:00,48.3152182431569,49.0623631743214,47.4993755262351,48.2465171813965,7683900,0,0
2021-09-21 00:00:00,48.5986254763757,48.8304977345472,47.4135016932781,47.6883125305176,6156400,0,0
2021-09-22 00:00:00,48.3152266825397,48.9335527264042,48.3109351176822,48.3495788574219,6823800,0,0
2021-09-23 00:00:00,48.7532095332493,49.848158098802,48.6072144255734,49.3200073242188,7814100,0,0
2021-09-24 00:00:00,49.1224850148416,49.2427143475053,48.7274448429455,48.7875595092773,7964900,0,0
2021-09-27 00:00:00,48.8476810323164,51.8534278748379,48.8476810323164,51.2608642578125,12374000,0,0
2021-09-28 00:00:00,51.6559027934373,52.0810003172884,50.7885283820195,51.0633392333984,6681800,0,0
2021-09-29 00:00:00,51.063335499235,51.1835648284206,50.4707752585327,50.5137138366699,4578800,0,0
2021-09-30 00:00:00,50.5995848788222,50.8142810195694,49.4230509448084,49.431640625,4929000,0,0
2021-10-01 00:00:00,49.5261085766705,50.6768801243894,49.1654206006409,50.3076057434082,6925300,0,0
2021-10-04 00:00:00,50.3076119443971,50.6682999648857,49.5347043633448,50.015625,5652900,0,0
2021-10-05 00:00:00,50.0327940165513,51.0504550417368,49.8953885987881,50.7541732788086,5646200,0,0
2021-10-06 00:00:00,50.1186731963727,50.2990171884246,48.3495756204255,49.0881309509277,8699100,0,0
2021-10-07 00:00:00,49.7150481218696,51.0719295848459,49.6291709581892,50.2474937438965,7235900,0,0
2021-10-08 00:00:00,50.5051309265023,50.9173472019523,50.1530293198052,50.4192504882813,4260200,0,0
2021-10-11 00:00:00,50.8829951171482,51.3381499745162,49.989858214083,50.0070343017578,4139000,0,0
2021-10-12 00:00:00,49.8266822388551,50.1272555345552,49.3801138595268,49.5862236022949,5443800,0,0
2021-10-13 00:00:00,49.7408031764847,49.8524460933749,48.6501496016469,48.8734321594238,7689800,0,0
2021-10-14 00:00:00,49.3200058120295,50.47936385201,49.0709574616326,50.4450149536133,6430400,0,0
2021-10-15 00:00:00,51.0719274995851,51.2952100816399,50.5308922176783,50.6339454650879,4288200,0,0
2021-10-18 00:00:00,49.5518739756743,51.0032188259768,49.4659935467785,50.6253547668457,4660100,0,0
2021-10-19 00:00:00,50.7455895127376,50.9001710252614,50.273258569361,50.8314666748047,3650600,0,0
2021-10-20 00:00:00,50.8057047248931,52.0492266182312,50.6176326241129,51.4326171875,5875300,0,0
2021-10-21 00:00:00,51.5871993110289,52.5318612190462,49.7751629769922,50.8915824890137,8916600,0,0
2021-10-22 00:00:00,51.2179138528713,51.6902447353529,50.1358466807135,50.1530227661133,5889500,0,0
2021-10-25 00:00:00,50.8744086208437,51.1277485425874,50.3333733260639,50.4192504882813,6293200,0,0
2021-10-26 00:00:00,50.4192504882813,51.3209737955783,49.9640956317226,50.4192504882813,6875200,0,0
2021-10-27 00:00:00,50.307607869021,50.307607869021,48.0060646763377,48.0919418334961,11512700,0,0
2021-10-28 00:00:00,48.3066367741943,48.8304959371506,48.272284601803,48.5814476013184,5974400,0,0
2021-10-29 00:00:00,48.2035904307828,48.6501589077626,47.7999605374349,48.0661849975586,5894900,0,0
2021-11-01 00:00:00,48.100531769437,49.7923387528668,48.100531769437,49.3285942077637,7562000,0,0
2021-11-02 00:00:00,49.5003457618758,50.4450108245397,49.1568338740009,50.2131385803223,5929500,0,0
2021-11-03 00:00:00,50.2303177189327,51.1706847222958,49.8868025341767,50.7112350463867,6234300,0,0
2021-11-04 00:00:00,50.6682914105853,50.6811726554275,48.7746697947081,49.0967140197754,9047900,0,0
2021-11-05 00:00:00,49.1568338885714,50.4493024039393,49.1568338885714,50.0757331848145,4979100,0,0
2021-11-08 00:00:00,50.6081818713706,51.2522703866764,50.0628517605164,50.2990188598633,4894100,0,0
2021-11-09 00:00:00,50.2732608099921,50.7713542689876,50.1487366262423,50.4879570007324,4447800,0,0
2021-11-10 00:00:00,50.5308930708053,50.9173468501205,50.2303197291177,50.4621887207031,5103900,0,0
2021-11-11 00:00:00,50.7370002494823,51.5099044925684,50.6854719895418,51.252269744873,4140400,0,0
2021-11-12 00:00:00,51.3467334104571,51.9994082826869,51.0633329123025,51.5786056518555,3499400,0,0
2021-11-15 00:00:00,51.9564783900449,52.2312892533334,51.3381523096438,51.458381652832,3470400,0,0
2021-11-16 00:00:00,51.5013244475418,51.5185005363099,50.5308967261734,50.5480728149414,4004700,0,0
2021-11-17 00:00:00,50.3934845682366,50.6511193133741,49.9555025530997,50.1014976501465,3342400,0,0
2021-11-18 00:00:00,50.1100810865339,50.1272571719926,49.5261072849521,49.7923316955566,3801500,0,0
2021-11-19 00:00:00,49.3371769456398,49.3972916068029,48.1177010848957,49.2427101135254,7424300,0,0
2021-11-22 00:00:00,49.4316521354106,50.917349382213,49.3028331105648,50.4879570007324,5309200,0,0
2021-11-23 00:00:00,50.960281389867,51.2866204749666,50.5223026587099,50.8228759765625,5279400,0,0
2021-11-24 00:00:00,50.5824238845082,50.9860504957021,50.316199428441,50.3505516052246,3307100,0,0
2021-11-26 00:00:00,48.6415595387131,49.6119870603557,48.0747618300375,49.465991973877,4317500,0,0
2021-11-29 00:00:00,50.3353531977905,50.7526406909945,49.0139411444913,49.4312286376953,4564300,0.7,0
2021-11-30 00:00:00,48.9096171183244,49.1095704858887,47.3013213533366,47.7533836364746,10398200,0,0
2021-12-01 00:00:00,48.2402176171656,48.5097139090202,45.8147310926381,45.8668899536133,9113300,0,0
2021-12-02 00:00:00,45.6408632190737,46.4884779237626,45.2670425502606,46.2320213317871,7333300,0,0
2021-12-03 00:00:00,46.0755364692105,46.7884029945617,45.8408116401842,46.1363906860352,6969100,0,0
2021-12-06 00:00:00,47.2578445059538,47.5690698303048,46.8057823186819,46.8405570983887,6066400,0,0
2021-12-07 00:00:00,47.3360945064818,48.14459003853,47.1796112863236,47.6925277709961,5806900,0,0
2021-12-08 00:00:00,48.0837413270492,48.2315292095059,47.6229836521346,47.7360000610352,5013700,0,0
2021-12-09 00:00:00,47.1535350654026,47.4491141329022,46.7058171283925,47.283935546875,5607700,0,0
2021-12-10 00:00:00,47.9446405222995,48.0402662100662,47.1926515217948,47.5360450744629,3628600,0,0
2021-12-13 00:00:00,47.3447835542123,47.50996211856,46.1337813933426,46.3537254333496,5398800,0,0
2021-12-14 00:00:00,46.2928659250758,47.3795529186221,46.1954991949411,46.8405570983887,4048700,0,0
2021-12-15 00:00:00,46.7623226024705,47.0057394647669,45.9538270912077,46.9796600341797,4955200,0,0
2021-12-16 00:00:00,47.3187038438958,48.1271993200783,47.1796080262895,47.4664916992188,5605900,0,0
2021-12-17 00:00:00,47.4056313436845,47.522995393639,46.4058813205274,47.031810760498,10400000,0,0
2021-12-20 00:00:00,46.162461003252,46.5884437532285,45.6147731599607,46.5188941955566,6251000,0,0
2021-12-21 00:00:00,47.092664968798,47.6490514834737,46.8579435014838,47.1187477111816,4422000,0,0
2021-12-22 00:00:00,47.0492036159537,47.2752363892264,46.6319161687262,47.144832611084,3729600,0,0
2021-12-23 00:00:00,47.3795603066701,48.4253872629554,47.2491565205881,47.9359436035156,6240200,0,0
2021-12-27 00:00:00,48.0837305859185,48.5879516610668,47.9620188485875,48.5705642700195,3249000,0,0
2021-12-28 00:00:00,48.6922782309477,49.552935946027,48.6053445821262,49.2312774658203,4748100,0,0
2021-12-29 00:00:00,49.2660495307309,49.6485655493011,49.1704238423945,49.6050987243652,3580900,0,0
2021-12-30 00:00:00,49.7268000206613,50.2744912218696,49.3138569522981,49.3616714477539,3678700,0,0
2021-12-31 00:00:00,49.4138341212275,49.5451067670398,48.9400368386244,49.309513092041,3093900,0,0
2022-01-03 00:00:00,49.726805522543,50.3353510005157,49.3703722637214,49.4399185180664,5231900,0,0
2022-01-04 00:00:00,49.7702677589636,51.0308254222335,49.6398639841646,50.7787132263184,9068000,0,0
2022-01-05 00:00:00,51.1090708701062,51.8045499833266,50.6961277630366,50.7265548706055,6706300,0,0
2022-01-06 00:00:00,50.8482616337034,51.1699200702357,49.7615745894538,50.6309242248535,5820800,0,0
2022-01-07 00:00:00,50.9699708473209,51.7393438274795,50.796100254267,51.3785629272461,4633100,0,0
2022-01-10 00:00:00,51.1525360166071,51.5524360790658,50.4092424278068,50.7700233459473,5544300,0,0
2022-01-11 00:00:00,51.3350999111866,51.7002285152807,50.7787166252393,51.4481163024902,5720400,0,0
2022-01-12 00:00:00,51.7393433205218,52.2826868458005,51.1959997952432,51.5176582336426,3742400,0,0
2022-01-13 00:00:00,51.5524385696728,52.3583274711447,51.4715903443922,52.1088218688965,4482600,0,0
2022-01-14 00:00:00,51.9088697698544,52.8825438211964,51.5437444878306,52.8043022155762,6795300,0,0
2022-01-18 00:00:00,52.8216878497055,53.1598648397841,51.7871628704755,52.3348541259766,4796900,0,0
2022-01-19 00:00:00,52.8216927776681,52.9607886140398,51.6306844714663,52.0218925476074,4351100,0,0
2022-01-20 00:00:00,52.0740438134462,52.2044442672861,50.222328185429,50.2571029663086,5765700,0,0
2022-01-21 00:00:00,50.1440879581444,50.2223295591107,49.1530298901084,49.309513092041,6189500,0,0
2022-01-24 00:00:00,48.4227798097351,49.3964505623912,47.4664931330373,49.2225799560547,8872700,0,0
2022-01-25 00:00:00,48.5879535421174,49.9528322872653,47.5003975597445,49.709415435791,5644100,0,0
2022-01-26 00:00:00,49.9267490259612,50.6396154502569,49.2486573824374,49.7441864013672,6126000,0,0
2022-01-27 00:00:00,51.0656043252306,53.2824454615684,51.0656043252306,52.3174667358398,11664200,0,0
2022-01-28 00:00:00,52.7782254067359,53.1172712971289,51.3524922695415,52.1957626342773,6971900,0,0
2022-01-31 00:00:00,51.7263042506253,52.2044458955632,50.6656966148568,51.9262542724609,8056100,0,0
2022-02-01 00:00:00,51.9871063021192,53.8909840809792,51.9001726671609,53.7345008850098,6659400,0,0
2022-02-02 00:00:00,53.6475737284913,54.3256688069313,53.1346572294576,53.6041069030762,5463400,0,0
2022-02-03 00:00:00,53.4650104818484,54.2865457434602,53.1650837520737,53.2128982543945,5363800,0,0
2022-02-04 00:00:00,53.2041984418483,53.6562606509956,52.6304278141432,52.6825866699219,4995100,0,0
2022-02-07 00:00:00,52.9694778822769,53.1172657405548,51.9262575712171,52.0827407836914,6214400,0,0
2022-02-08 00:00:00,52.4913326450601,53.1781163461986,52.4913326450601,53.108570098877,5595500,0,0
2022-02-09 00:00:00,53.4563125620971,54.0996294594977,53.2476671825338,53.8909873962402,5515900,0,0
2022-02-10 00:00:00,53.8040496651736,54.2995787036597,52.7782168060572,52.9868621826172,6537200,0,0
2022-02-11 00:00:00,52.8564579051865,53.8214365445285,52.465249900547,53.108570098877,6042100,0,0
2022-02-14 00:00:00,53.1172669790698,53.3519918032541,52.2696523219923,52.8825454711914,4472000,0,0
2022-02-15 00:00:00,52.8738411866041,53.9083659928619,52.7782122022019,53.7779655456543,4076800,0,0
2022-02-16 00:00:00,53.5954100177396,54.6907891741519,53.5693272718043,53.9692306518555,5613600,0,0
2022-02-17 00:00:00,53.3432982251772,53.9909628243569,52.7043256638397,53.1781196594238,3927800,0,0
2022-02-18 00:00:00,52.8129926044989,53.3085216525206,52.3261555940276,52.6738967895508,5078900,0,0
2022-02-22 00:00:00,52.9607831578357,53.0651075115963,52.1088208332929,52.4217872619629,5664000,0,0
2022-02-23 00:00:00,52.9173118281329,53.1955034485216,52.0523098621213,52.1348991394043,5155100,0,0
2022-02-24 00:00:00,51.1960018116099,51.2655513774116,50.0049936858567,51.0482139587402,8108500,0,0
2022-02-25 00:00:00,51.4001454680868,52.9178683601971,51.3121629915803,52.482349395752,5445200,0.7,0
2022-02-28 00:00:00,51.3121597158633,52.0688210482538,51.039408685999,51.8752555847168,6438200,0,0
2022-03-01 00:00:00,52.0160318779786,52.1788031483513,49.5084944260095,50.2651557922363,7668100,0,0
2022-03-02 00:00:00,50.6346913064349,52.6055304900785,50.5994969704392,52.08642578125,6499800,0,0
2022-03-03 00:00:00,52.1656142672871,52.7375071556753,51.6817038674765,52.4999504089355,4514800,0,0
2022-03-04 00:00:00,51.3825564205804,51.8004782571989,50.8810488741116,51.7608871459961,5869500,0,0
2022-03-07 00:00:00,51.6904876627965,52.007229911443,50.7182669784499,51.013011932373,6987800,0,0
2022-03-08 00:00:00,51.1273997101895,52.104020675392,50.6962775038481,50.8898429870605,6583400,0,0
2022-03-09 00:00:00,52.1304123330568,53.5821466772633,51.8576612881036,52.6143226623535,7484700,0,0
2022-03-10 00:00:00,52.1216184402841,53.7053265896539,52.11281817841,53.3445930480957,5421000,0,0
2022-03-11 00:00:00,53.7229232739021,54.9810922052612,53.5557518629629,53.5909461975098,6140000,0,0
2022-03-14 00:00:00,53.9956716082062,54.5763647097636,52.5879317730114,53.0366477966309,5836200,0,0
2022-03-15 00:00:00,52.6759121139028,53.0234486057905,50.6962761631635,51.7960739135742,8354400,0,0
2022-03-16 00:00:00,52.0512307465279,52.9222720909876,51.6641031247217,52.4735527038574,6154800,0,0
2022-03-17 00:00:00,52.2447926511672,55.3242263155305,52.0336300088317,55.2890319824219,9420600,0,0
2022-03-18 00:00:00,54.7523343809226,55.8081409615611,54.3784037926155,54.8931083679199,9510800,0,0
2022-03-21 00:00:00,55.5353964310532,56.0633014616763,55.0162916635815,55.7289619445801,4836500,0,0
2022-03-22 00:00:00,56.3096470543604,56.775960245008,55.6409714723691,55.9137191772461,5136700,0,0
2022-03-23 00:00:00,55.7817457559988,56.1688733733073,55.4474062850453,55.6937599182129,2936100,0,0
2022-03-24 00:00:00,56.0984834103762,56.4856110187639,55.7905413760128,56.3888282775879,3611400,0,0
2022-03-25 00:00:00,56.3888314138087,56.9519340813483,56.1688752029703,56.9255332946777,3962900,0,0
2022-03-28 00:00:00,56.5736045280085,56.7935640997152,55.4650064070695,56.4064331054688,3879300,0,0
2022-03-29 00:00:00,56.2656592333478,56.5911984603965,55.271441027353,56.4768218994141,4225600,0,0
2022-03-30 00:00:00,56.7319756838762,57.1367004902701,56.336044427254,56.5384101867676,3145900,0,0
2022-03-31 00:00:00,56.441624166916,57.0003233261646,56.0544931951363,56.0632934570313,4302100,0,0
2022-04-01 00:00:00,56.564804141171,57.1279001064907,55.8169395852234,56.4680213928223,3317100,0,0
2022-04-04 00:00:00,56.7583662290619,56.7583662290619,55.7113565848803,56.3184471130371,3650000,0,0
2022-04-05 00:00:00,56.309647422604,56.8727433598194,55.7905427261742,55.8609313964844,3432500,0,0
2022-04-06 00:00:00,55.6145723120945,55.6849609797536,53.9252845640723,54.2596206665039,4977000,0,0
2022-04-07 00:00:00,54.3740012918266,54.3740012918266,52.8166872406112,53.8900909423828,4644800,0,0
2022-04-08 00:00:00,54.3476105666749,54.7963266094617,53.9516826722651,54.268424987793,3913900,0,0
2022-04-11 00:00:00,53.9780726922796,55.0954676186595,53.8021077358175,54.5059776306152,2760400,0,0
2022-04-12 00:00:00,54.9986868420035,56.0896877351208,54.8051247117226,55.6585655212402,4137300,0,0
2022-04-13 00:00:00,55.8609308335367,56.5120126020784,55.6233741081086,56.4504241943359,3465600,0,0
2022-04-14 00:00:00,56.740770969766,58.0693287029621,56.6527884809246,57.6206092834473,7000200,0,0
2022-04-18 00:00:00,57.6206087152462,58.4916534702974,57.453444001886,57.9637451171875,4958900,0,0
2022-04-19 00:00:00,58.0957139162762,59.2571000446692,57.9901376308248,58.9931526184082,5292500,0,0
2022-04-20 00:00:00,59.0107607698017,59.9785816598995,58.9843666920243,59.4242858886719,5021500,0,0
2022-04-21 00:00:00,60.708839055562,63.2251769795133,60.6120563113613,61.1575584411621,10282500,0,0
2022-04-22 00:00:00,61.6502667001591,62.6708823053207,60.0401610709645,60.2689208984375,7439400,0,0
2022-04-25 00:00:00,59.3098971233788,60.1281402168306,57.6557969878861,59.8905868530273,7252100,0,0
2022-04-26 00:00:00,60.0401628075675,60.6912479728508,59.25710726938,59.2747077941895,6612800,0,0
2022-04-27 00:00:00,59.9345857045423,60.1193509367609,58.9940383738416,59.3450889587402,5412300,0,0
2022-04-28 00:00:00,59.8642004852637,59.8642004852637,58.1661122481824,59.6618347167969,5532300,0,0
2022-04-29 00:00:00,59.9345833780765,60.4580814927253,58.342071597685,58.5092430114746,6499800,0,0
2022-05-02 00:00:00,59.0811382412424,59.2219088668877,57.902151527378,59.0019493103027,7250100,0,0
2022-05-03 00:00:00,59.0547396032233,60.1193429692789,59.0019447491339,59.9609718322754,4599500,0,0
2022-05-04 00:00:00,60.5504664254763,62.2749485423696,60.2073300544566,62.1253776550293,5589800,0,0
2022-05-05 00:00:00,61.8174265628062,61.9054090299628,59.4154656049025,60.2425155639648,6530600,0,0
2022-05-06 00:00:00,59.8905909141025,60.1545450807892,58.6412221787366,59.7674140930176,5807800,0,0
2022-05-09 00:00:00,58.8083881298228,59.6618323458449,58.4828522583409,58.6236228942871,7266900,0,0
2022-05-10 00:00:00,59.3274933949782,59.6970238485039,57.4358398172163,57.9021530151367,7885500,0,0
2022-05-11 00:00:00,58.4212564995642,60.268915335197,57.9109487440884,58.7643928527832,5683300,0,0
2022-05-12 00:00:00,58.5356365482934,59.2922979654362,57.774578356535,58.9843559265137,6035700,0,0
2022-05-13 00:00:00,59.3890834946694,60.11055061084,59.1779241884479,59.4418716430664,3924400,0,0
2022-05-16 00:00:00,59.2219122496611,60.3533870121185,58.6676165519534,59.811408996582,4028300,0,0
2022-05-17 00:00:00,61.2455478498327,61.8447175491216,60.6208634292016,61.5622901916504,4502600,0,0
2022-05-18 00:00:00,61.069576875555,61.9230143495189,60.2645240617846,60.6296577453613,4623900,0,0
2022-05-19 00:00:00,60.1017380501112,61.2103359280331,59.6530254552885,60.4976692199707,4988400,0,0
2022-05-20 00:00:00,60.6032652942099,61.3511332885063,58.8347949806947,59.9257926940918,5232200,0,0
2022-05-23 00:00:00,59.653033953589,59.9433754643569,58.8083833559441,59.3802795410156,6582300,0,0
2022-05-24 00:00:00,59.1251301923363,59.2923016148836,57.603013715133,59.0107536315918,4664400,0,0
2022-05-25 00:00:00,58.6940076447466,59.547451803714,58.4212599408992,59.2131156921387,6264900,0,0
2022-05-26 00:00:00,59.098727210762,60.0841483600834,58.8699741237492,59.6882171630859,5732800,0,0
2022-05-27 00:00:00,60.0882784733896,61.4040183560847,59.8482483749361,61.3951263427734,4784300,0.7,0
2022-05-31 00:00:00,61.0217454035033,61.1195372056418,60.1105073104589,60.435001373291,7876000,0,0
2022-06-01 00:00:00,61.0306461366897,62.0423417457203,60.4483446387915,60.5505790710449,5958100,0,0
2022-06-02 00:00:00,60.8350547934688,61.3151217982639,59.6526679177303,60.5416793823242,4598700,0,0
2022-06-03 00:00:00,60.0882792581072,60.5950222841846,59.2792823843067,59.5904350280762,4966800,0,0
2022-06-06 00:00:00,59.5993187526376,60.106054925621,59.2703821277608,59.6259880065918,3117300,0,0
2022-06-07 00:00:00,59.3503989209401,59.9727041455091,59.048131538565,59.8926963806152,4873800,0,0
2022-06-08 00:00:00,59.6171115934369,60.2838702472232,59.4304199842911,59.7771339416504,3200900,0,0
2022-06-09 00:00:00,59.4748579144087,59.5770923157862,58.5058320608689,58.5502853393555,3113400,0,0
2022-06-10 00:00:00,57.7946384007742,57.8568689332706,54.9942508731971,55.0031394958496,6448900,0,0
2022-06-13 00:00:00,53.7763063799684,53.856317549509,51.5359970241397,52.1671943664551,8509300,0,0
2022-06-14 00:00:00,51.811579433847,52.5672411021466,51.0825904116439,52.0605049133301,7128900,0,0
2022-06-15 00:00:00,52.4694520214658,53.0384187616975,50.4647304112635,51.038143157959,6387900,0,0
2022-06-16 00:00:00,49.4912614796012,49.7579676044005,48.5844728639968,49.2690086364746,7641800,0,0
2022-06-17 00:00:00,49.0378722230598,49.7490807160628,47.9799498016748,48.6911582946777,12735800,0,0
2022-06-21 00:00:00,50.0869025216813,50.398055155841,48.8156159455838,48.8511772155762,6391700,0,0
2022-06-22 00:00:00,46.4952958160576,46.9309128968038,45.8463178971858,46.5308570861816,10383100,0,0
2022-06-23 00:00:00,46.4508476532029,46.8064535850623,44.8239550932144,45.3929252624512,9662000,0,0
2022-06-24 00:00:00,45.7929758927132,47.8288128202247,45.5084925149563,47.2420654296875,9109000,0,0
2022-06-27 00:00:00,47.0287032710312,47.3843057875841,46.2019224178647,46.4241752624512,7507300,0,0
2022-06-28 00:00:00,46.9397977186503,48.1399650533568,46.535299325491,46.699764251709,5169400,0,0
2022-06-29 00:00:00,46.8597895223082,47.1264922608718,45.5885029641358,46.2108116149902,4392800,0,0
2022-06-30 00:00:00,45.4818258810409,46.3530566995795,45.2062311092474,45.8818817138672,5848000,0,0
2022-07-01 00:00:00,45.2595675349314,46.2641513064928,44.3616675667403,45.952995300293,5255100,0,0
2022-07-05 00:00:00,45.1351057923878,45.1795556807848,43.8771539420272,45.0995445251465,5891000,0,0
2022-07-06 00:00:00,45.0017594445143,45.5618376174763,44.4816885509901,45.4996070861816,5657000,0,0
2022-07-07 00:00:00,46.3530513130496,46.948690681887,45.9974488073237,46.4775123596191,5507600,0,0
2022-07-08 00:00:00,46.6108637025469,47.0109194741533,45.6107259691853,45.6774024963379,4226900,0,0
2022-07-11 00:00:00,45.1084462824521,45.6507404641434,44.9039706472961,45.3484764099121,3919100,0,0
2022-07-12 00:00:00,45.2417881509966,45.8418701484704,44.6728214158716,44.8239517211914,6068200,0,0
2022-07-13 00:00:00,44.4505752843244,44.6372668866042,43.5882330385894,44.1571998596191,6071500,0,0
2022-07-14 00:00:00,43.33041457005,43.6237865512491,42.9125781514991,43.47265625,4969400,0,0
2022-07-15 00:00:00,44.2105365446032,44.6639342580395,43.7126889393989,44.0505142211914,4809900,0,0
2022-07-18 00:00:00,44.8239587292517,45.3840369304044,44.6283785030426,44.8684120178223,4839000,0,0
2022-07-19 00:00:00,45.4729364725608,46.9486953260115,45.4107059431202,46.6286506652832,6999400,0,0
2022-07-20 00:00:00,46.6286447794876,46.8242249653377,46.0596780728161,46.7175445556641,5977700,0,0
2022-07-21 00:00:00,44.9573017833921,45.7307406753835,44.4061157194346,45.695182800293,10059700,0,0
2022-07-22 00:00:00,45.7840850900321,46.0596798328046,44.841731826531,45.206226348877,5074800,0,0
2022-07-25 00:00:00,45.4907114232281,46.2019232517895,45.3662503706227,45.8552093505859,5933200,0,0
2022-07-26 00:00:00,45.4907164662623,46.0507946563855,45.2951362439046,45.6062889099121,4130900,0,0
2022-07-27 00:00:00,45.7307475120233,46.6544317056835,45.5262752866211,46.4419593811035,4342000,0,0
2022-07-28 00:00:00,46.6286495474813,47.0375939858042,46.0152294986875,46.4952964782715,6137900,0,0
2022-07-29 00:00:00,46.9042387880167,47.8243654281414,46.6464280659186,47.3042945861816,9754300,0,0
2022-08-01 00:00:00,46.7442227234975,46.7619999677855,45.7218582201494,46.6375389099121,5913400,0,0
2022-08-02 00:00:00,46.4952994074374,46.8242327032189,45.8196521794391,45.828540802002,5797800,0,0
2022-08-03 00:00:00,46.2285980784269,46.2285980784269,45.6382931391625,45.775203704834,5139300,0,0
2022-08-04 00:00:00,45.6151795035366,45.9618934323798,45.2151236659061,45.330696105957,6963700,0,0
2022-08-05 00:00:00,45.135114338529,46.0241258400372,45.0995530645543,45.775203704834,5954500,0,0
2022-08-08 00:00:00,46.1219088248131,46.9042363547402,46.0507862904694,46.3619422912598,4511400,0,0
2022-08-09 00:00:00,46.3619466263282,46.9842519034794,46.3263853558312,46.8686828613281,4339000,0,0
2022-08-10 00:00:00,47.8732647633602,48.5889192449993,47.8377068830991,48.042179107666,5998300,0,0
2022-08-11 00:00:00,48.6822567451647,49.5357101609058,48.6822567451647,49.1267623901367,5066200,0,0
2022-08-12 00:00:00,49.1889990329067,49.7312931011977,49.171218399163,49.7224044799805,4389100,0,0
2022-08-15 00:00:00,49.3223599380034,49.3401405757987,48.7711737315883,49.1978988647461,5991700,0,0
2022-08-16 00:00:00,49.2156687054225,50.1624645689694,49.1978880715279,49.8824272155762,3925900,0,0
2022-08-17 00:00:00,49.3579187845401,49.7046327262111,48.9045210213475,49.3045768737793,4198000,0,0
2022-08-18 00:00:00,49.5357226087801,49.984670981276,49.2690164417289,49.8024253845215,3561500,0,0
2022-08-19 00:00:00,49.5001563720944,49.7135172147749,49.0289814024748,49.3312454223633,3517800,0,0
2022-08-22 00:00:00,48.4422315469567,48.6271460766214,47.9177146975528,48.3711090087891,6342700,0,0
2022-08-23 00:00:00,48.5933653196913,49.5712765500844,48.4777928825799,49.4468154907227,3894500,0,0
2022-08-24 00:00:00,49.3401350729121,49.4645961322883,48.0777404520283,48.2199821472168,6957200,0,0
2022-08-25 00:00:00,48.7445000789287,49.5979502683531,48.6796005872575,49.5712776184082,5736200,0,0
2022-08-26 00:00:00,49.7668633780884,50.1135773205836,48.237762512407,48.4155654907227,5777700,0,0
2022-08-29 00:00:00,47.1176076087153,48.0155076954976,46.7086631490445,47.6243438720703,9304900,0,0
2022-08-30 00:00:00,47.5883075474091,47.7054067157141,46.174076858935,46.2821731567383,7452200,0.7,0
2022-08-31 00:00:00,46.1560695553609,46.5163802808589,45.5615535938893,45.9398803710938,6069600,0,0
2022-09-01 00:00:00,45.4534541549327,45.4804799487374,44.2644223138346,45.0030632019043,6378300,0,0
2022-09-02 00:00:00,45.5165083449794,45.7236877698051,44.0527377562712,44.4175567626953,5124900,0,0
2022-09-06 00:00:00,44.9490189231121,45.1111599426733,43.543797898985,43.7689933776855,8104700,0,0
2022-09-07 00:00:00,43.5437964287246,44.3590029345077,43.2645528075289,44.1112899780273,6517500,0,0
2022-09-08 00:00:00,43.6789115826865,44.5977060072064,43.1924885794396,44.4986228942871,5964100,0,0
2022-09-09 00:00:00,45.2462715634196,45.6831513070863,45.0571082010721,45.4984893798828,6265600,0,0
2022-09-12 00:00:00,46.2011016243762,46.6514925465802,45.7597170086839,45.8768196105957,5042800,0,0
2022-09-13 00:00:00,43.9131190525844,44.6967983689224,42.8366849219871,43.1204299926758,9104300,0,0
2022-09-14 00:00:00,42.8862262054685,43.1204279842413,41.7782648964006,42.3998031616211,11484300,0,0
2022-09-15 00:00:00,42.4268312435764,43.0213472319861,42.0575107573856,42.2556838989258,6535500,0,0
2022-09-16 00:00:00,41.4449724771234,42.1565909816955,40.9045047276467,41.8142929077148,10059000,0,0
2022-09-19 00:00:00,41.1116920094494,42.2286632578734,40.9585607110858,42.1025543212891,4900300,0,0
2022-09-20 00:00:00,41.3909313293585,41.6881875863136,40.8684761484774,41.5170402526855,4996000,0,0
2022-09-21 00:00:00,41.8142907306299,41.9674254279417,40.508159831364,40.5171661376953,5819100,0,0
2022-09-22 00:00:00,40.7874040090736,41.0306155384537,40.3099906937407,40.3280067443848,4652900,0,0
2022-09-23 00:00:00,39.6343997743507,39.8145568242033,38.7696500585098,39.5443229675293,6729600,0,0
2022-09-26 00:00:00,39.202025389777,39.8686020152076,38.8777433833687,39.0849227905273,5497600,0,0
2022-09-27 00:00:00,39.5803552433238,39.7875346669022,38.9813378944558,39.445240020752,5444700,0,0
2022-09-28 00:00:00,39.7064707274275,40.9945857780378,39.5533360063134,40.5802268981934,8315400,0,0
2022-09-29 00:00:00,40.084796116265,40.2559434469167,39.1750078736486,39.7785301208496,4904800,0,0
2022-09-30 00:00:00,39.7875319990623,40.3910576152883,39.4542436822805,39.571346282959,5869800,0,0
2022-10-03 00:00:00,40.4811409109893,41.2017692433672,40.0397596654289,40.7874069213867,6868700,0,0
2022-10-04 00:00:00,41.2558087605245,42.093536170496,41.098172621274,41.9944496154785,6959800,0,0
2022-10-05 00:00:00,41.3639045806257,41.8323115966209,40.9945841267348,41.4900169372559,5564500,0,0
2022-10-06 00:00:00,41.1657344654558,41.5260451720291,40.8189315016898,41.0035934448242,5430600,0,0
2022-10-07 00:00:00,40.580226867482,40.9315312843108,39.8145635711223,40.0037269592285,5265100,0,0
2022-10-10 00:00:00,40.5171741465145,40.9315330438576,40.1388473540388,40.4270973205566,4686100,0,0
2022-10-11 00:00:00,39.8866193225917,40.3460199915692,39.1119463797747,39.5893630981445,5222700,0,0
2022-10-12 00:00:00,39.5803598365441,39.8415874411923,39.2200490983289,39.4632606506348,4982100,0,0
2022-10-13 00:00:00,38.7336251288873,41.8863620579827,38.6525546132621,41.3639068603516,8304900,0,0
2022-10-14 00:00:00,41.6972005958764,41.7962871680255,40.296484277683,40.6432838439941,5888400,0,0
2022-10-17 00:00:00,41.354895886762,41.4990208498118,40.5306796435973,40.7693862915039,6195300,0,0
2022-10-18 00:00:00,41.6881866519448,42.2827025887403,40.8729801042733,41.7782669067383,8009100,0,0
2022-10-19 00:00:00,41.6521549494835,41.9764335344666,40.6162544302506,40.652286529541,8371500,0,0
2022-10-20 00:00:00,40.8864848048425,42.9042375217624,40.445103653029,40.4721260070801,9259900,0,0
2022-10-21 00:00:00,40.5532049868242,42.2646886801292,40.4901505233778,42.2196502685547,7483600,0,0
2022-10-24 00:00:00,42.2376649941972,42.615995199207,41.7332293024648,42.3727836608887,5645700,0,0
2022-10-25 00:00:00,42.0755223461083,43.1834836871367,41.9178861985208,43.1024131774902,5202500,0,0
2022-10-26 00:00:00,43.2375295611207,43.7329589000998,43.1384430060828,43.2285232543945,6020700,0,0
2022-10-27 00:00:00,43.345631814202,43.6744187784075,42.7601255362647,42.8952407836914,4524400,0,0
2022-10-28 00:00:00,42.516905251598,43.0303506462284,42.1656008696099,42.7691230773926,6943200,0,0
2022-10-31 00:00:00,42.7691311107235,43.0771977181239,41.9989628741172,42.1025543212891,6434000,0,0
2022-11-01 00:00:00,42.7150781276189,42.8501967936794,42.1115558746256,42.2736968994141,4892300,0,0
2022-11-02 00:00:00,42.2106424382419,43.7960171474717,42.1340767977058,42.2736968994141,7310300,0,0
2022-11-03 00:00:00,41.6791843395797,42.3097324387316,41.4089504217176,41.8773574829102,5122300,0,0
2022-11-04 00:00:00,43.4807438589706,44.9310033055753,43.3546349394763,44.1653366088867,10593100,0,0
2022-11-07 00:00:00,44.1293134584549,44.6157331464064,43.516781399038,44.5887107849121,5849000,0,0
2022-11-08 00:00:00,44.9400054499989,45.3543642717288,44.5436626774152,44.723819732666,4739700,0,0
2022-11-09 00:00:00,44.4535878051847,44.4896199078324,42.8501970356776,42.9492835998535,5089900,0,0
2022-11-10 00:00:00,44.5436659417479,45.0571113533034,44.2464062633682,45.0030632019043,6592000,0,0
2022-11-11 00:00:00,45.9398735076809,48.1377799443461,45.8497966988165,47.867546081543,9009800,0,0
2022-11-14 00:00:00,47.2640269606643,47.6468585774237,46.7145494568921,46.7956199645996,5484400,0,0
2022-11-15 00:00:00,47.2099812873411,47.4712088743515,46.0659878124222,46.4803466796875,4445700,0,0
2022-11-16 00:00:00,46.0749926458431,46.1380470999589,45.2327603855676,45.4984893798828,4294900,0,0
2022-11-17 00:00:00,44.7238254824725,45.1742164603978,44.3094631712612,45.1562004089355,3620400,0,0
2022-11-18 00:00:00,45.4804839991427,45.5075063591437,44.4625993925089,45.1021537780762,3751300,0,0
2022-11-21 00:00:00,44.5346597924656,45.6426212139854,43.7599901771557,45.1922302246094,5719800,0,0
2022-11-22 00:00:00,45.9308716372088,46.6424867428681,45.8227753326797,46.4533233642578,4495500,0,0
2022-11-23 00:00:00,46.2011047655355,46.6064573103206,46.0659861052037,46.4353065490723,3354800,0,0
2022-11-25 00:00:00,46.3902725222317,46.6785224843662,46.3182083135928,46.4443206787109,1648100,0,0
2022-11-28 00:00:00,45.8047674605641,46.0795062702631,44.9850559040126,45.2192611694336,5657800,0,0
2022-11-29 00:00:00,45.9043925992917,46.4296674404234,45.5663910822657,46.2698020935059,4905000,0.7,0
2022-11-30 00:00:00,46.1510451497481,46.5621299743652,45.1078030621727,46.5621299743652,7194200,0,0
2022-12-01 00:00:00,46.8179144593535,47.0554281993948,46.4068296354327,46.6534805297852,4757300,0,0
2022-12-02 00:00:00,46.1053684712291,47.2289979688046,46.068826824608,47.091968536377,4858300,0,0
2022-12-05 00:00:00,47.0097476422344,47.4482369106053,46.5803955271562,46.8179092407227,5109900,0,0
2022-12-06 00:00:00,47.0006214688955,47.3797332405322,46.1967226062836,46.6352119445801,4373400,0,0
2022-12-07 00:00:00,46.4250969136061,46.8992148238116,45.908959248149,46.3154754638672,4248500,0,0
2022-12-08 00:00:00,46.7539654882331,46.982345544942,45.9592038666309,46.1875839233398,3815800,0,0
2022-12-09 00:00:00,46.1419156058397,46.9549517196488,45.7856431940108,45.8587265014648,3807000,0,0
2022-12-12 00:00:00,45.9683396658948,46.7082923384524,45.5298503548691,46.6900215148926,5208100,0,0
2022-12-13 00:00:00,47.9598163899544,48.2612797656826,46.8590227410603,47.1011085510254,4884100,0,0
2022-12-14 00:00:00,47.0462882609823,47.5468976155482,46.5621236911033,46.9183959960938,4064300,0,0
2022-12-15 00:00:00,46.0962246912047,46.1894048312537,45.0913539471885,45.2466506958008,6189600,0,0
2022-12-16 00:00:00,44.9634690733264,45.6486092799222,44.6528720402776,45.4933090209961,8969100,0,0
2022-12-19 00:00:00,45.5024465318367,45.9637717655015,44.5432474472429,45.0639572143555,4674700,0,0
2022-12-20 00:00:00,45.0822211450402,45.6805792545851,45.0822211450402,45.3654136657715,4003400,0,0
2022-12-21 00:00:00,45.8221730952996,46.5255840675173,45.7399561379027,46.2880668640137,3840500,0,0
2022-12-22 00:00:00,45.8221766028304,45.9043935665208,44.8949540863687,45.8313102722168,3340600,0,0
2022-12-23 00:00:00,45.8587199577465,46.5082315557258,45.6303398817465,46.4616432189941,2634200,0,0
2022-12-27 00:00:00,46.5073189130576,46.7905114641152,46.3611558026286,46.7631034851074,3094500,0,0
2022-12-28 00:00:00,46.7448284099702,46.9092623298504,45.5892258787252,45.666877746582,3340300,0,0
2022-12-29 00:00:00,45.7399586753757,46.4086540771119,45.6760125366087,46.2698020935059,2743400,0,0
2022-12-30 00:00:00,45.9135213725852,46.1610852504999,45.6577368447923,46.0322799682617,2700300,0,0
2023-01-03 00:00:00,46.2241283745435,46.7265673555218,45.9592101211591,46.6260795593262,3962500,0,0
2023-01-04 00:00:00,47.1924554656394,47.9643811836849,46.9549417365194,47.804515838623,4527800,0,0
2023-01-05 00:00:00,47.5213219674525,48.3983005368534,47.0645618602891,48.3343544006348,4803000,0,0
2023-01-06 00:00:00,49.0012239061639,50.4582897681251,48.7088977153659,50.2618827819824,6100700,0,0
2023-01-09 00:00:00,50.2801543737807,51.3307005490333,50.079178807731,50.499397277832,6510900,0,0
2023-01-10 00:00:00,50.6181578928321,51.686978418117,50.5176701058186,51.5864906311035,6611700,0,0
2023-01-11 00:00:00,52.353847311293,52.8836872495517,52.0889255997621,52.6004981994629,8926300,0,0
2023-01-12 00:00:00,52.9476330311968,53.7131641462793,52.5274145511405,53.4592056274414,7305900,0,0
2023-01-13 00:00:00,52.9841717367859,53.6921512875348,52.7923333306434,53.6053657531738,4041200,0,0
2023-01-17 00:00:00,53.2673651173579,53.4226618815703,52.3081661014933,52.4360618591309,5948400,0,0
2023-01-18 00:00:00,53.0024499652147,53.3039098620194,51.8605495527052,51.9244956970215,5641500,0,0
2023-01-19 00:00:00,51.6778414786724,52.0615218047905,51.0201057680719,51.7052459716797,4997500,0,0
2023-01-20 00:00:00,51.8240042914872,52.5776592081812,51.4494611216785,52.4726028442383,6712600,0,0
2023-01-23 00:00:00,52.4634734698889,53.3495893159223,52.2670664571538,53.0207214355469,5213700,0,0
2023-01-24 00:00:00,52.719255085981,53.4043953033047,52.2259532931551,53.1668815612793,5262500,0,0
2023-01-25 00:00:00,52.3995290138003,52.9613420902144,51.9336316733166,52.8836936950684,5491500,0,0
2023-01-26 00:00:00,51.7600533333181,53.5048767402175,51.001833394933,53.0937919616699,8002500,0,0
2023-01-27 00:00:00,53.0207147598099,54.1991566878453,52.8106055259808,53.870288848877,6773300,0,0
2023-01-30 00:00:00,53.5596896431319,54.1123689391593,52.8014662137502,52.9384956359863,4824700,0,0
2023-01-31 00:00:00,53.0481177442885,54.308776596249,52.8197376942495,54.2174224853516,5739100,0,0
2023-02-01 00:00:00,54.1534767332674,55.4643794842955,53.7149874522664,55.0121879577637,5645100,0,0
2023-02-02 00:00:00,54.875162533702,55.1948932354086,54.3873423453815,54.7655410766602,4726200,0,0
2023-02-03 00:00:00,54.4458049567867,55.0331998934103,54.272237365567,54.8112144470215,3960900,0,0
2023-02-06 00:00:00,54.8112156543139,55.0852710356248,54.1717507747196,54.8934326171875,4658600,0,0
2023-02-07 00:00:00,54.8751633815676,55.6105474916584,54.5188910270746,55.2771110534668,4777500,0,0
2023-02-08 00:00:00,54.9939180503759,55.2771070888653,54.4092656659812,54.6376457214355,3410400,0,0
2023-02-09 00:00:00,55.2862473579602,55.459814955357,53.7652352665721,53.9707794189453,3874700,0,0
2023-02-10 00:00:00,53.8976955835856,54.6650527448457,53.6327738706355,54.6467819213867,3826300,0,0
2023-02-13 00:00:00,54.646778410465,55.1903240478371,54.464073672417,55.1035385131836,3520600,0,0
2023-02-14 00:00:00,54.8477604082845,54.8477604082845,53.9068321165814,54.5919723510742,3749100,0,0
2023-02-15 00:00:00,54.1808909982213,54.5919723510742,53.9159692711979,54.5919723510742,2357500,0,0
2023-02-16 00:00:00,53.8702874482105,54.2493956837389,53.2490934318225,53.6053657531738,4302100,0,0
2023-02-17 00:00:00,53.2216909204569,53.4455059020723,52.7466634330852,53.1029357910156,4317200,0,0
2023-02-21 00:00:00,52.7101237383965,52.8745576765822,51.796603408389,51.9244956970215,6615600,0,0
2023-02-22 00:00:00,51.8696827668263,52.4680409473889,51.7966029531658,52.0797920227051,3735400,0,0
2023-02-23 00:00:00,52.445200128884,52.7283926755778,51.4586000198924,52.2442245483398,4154000,0,0
2023-02-24 00:00:00,51.4860012881632,52.8699838943075,51.2119459131015,52.7923355102539,4831800,0,0